geo_id,pop,date,case_count,hosp_count,death_count,pcr_test_count,pcr_test_pos_count,pcr_test_pos_percent
Seattle,,12.31.2019,,,,1,0,0
Seattle,,01.01.2020,0,0,0,2,0,0
Seattle,,01.02.2020,0,0,0,0,0,
Seattle,,01.03.2020,0,0,0,13,0,0
Seattle,,01.04.2020,0,0,0,3,1,"33,3333"
Seattle,,01.05.2020,0,0,0,3,0,0
Seattle,,01.06.2020,0,0,0,1,0,0
Seattle,,01.07.2020,0,0,0,0,0,
Seattle,,01.08.2020,0,0,0,0,0,
Seattle,,01.09.2020,0,0,0,1,0,0
Seattle,,01.10.2020,0,0,0,0,0,
Seattle,,01.11.2020,0,0,0,2,0,0
Seattle,,01.12.2020,0,0,0,1,0,0
Seattle,,01.13.2020,0,0,0,0,0,
Seattle,,01.14.2020,0,0,0,0,0,
Seattle,,01.15.2020,0,0,0,0,0,
Seattle,,01.16.2020,0,0,0,0,0,
Seattle,,01.17.2020,0,0,0,0,0,
Seattle,,01.18.2020,0,0,0,0,0,
Seattle,,01.19.2020,0,0,0,0,0,
Seattle,,01.20.2020,0,0,0,0,0,
Seattle,,01.21.2020,0,0,0,0,0,
Seattle,,01.22.2020,0,0,0,0,0,
Seattle,,01.23.2020,0,0,0,0,0,
Seattle,,01.24.2020,0,0,0,0,0,
Seattle,,01.25.2020,0,0,0,0,0,
Seattle,,01.26.2020,0,0,0,0,0,
Seattle,,01.27.2020,0,0,0,1,0,0
Seattle,,01.28.2020,0,0,0,2,0,0
Seattle,,01.29.2020,0,0,0,0,0,
Seattle,,01.30.2020,0,0,0,0,0,
Seattle,,01.31.2020,0,0,0,0,0,
Seattle,,02.01.2020,0,0,0,1,0,0
Seattle,,02.02.2020,0,0,0,0,0,
Seattle,,02.03.2020,0,0,0,0,0,
Seattle,,02.04.2020,0,0,0,0,0,
Seattle,,02.05.2020,0,0,0,1,0,0
Seattle,,02.06.2020,0,0,0,0,0,
Seattle,,02.07.2020,0,0,0,0,0,
Seattle,,02.08.2020,0,0,0,0,0,
Seattle,,02.09.2020,0,0,0,15,0,0
Seattle,,02.10.2020,0,0,0,19,0,0
Seattle,,02.11.2020,0,0,0,4,0,0
Seattle,,02.12.2020,0,0,0,58,0,0
Seattle,,02.13.2020,0,0,0,5,0,0
Seattle,,02.14.2020,0,0,0,0,0,
Seattle,,02.15.2020,0,0,0,0,0,
Seattle,,02.16.2020,0,0,0,0,0,
Seattle,,02.17.2020,0,0,0,1,0,0
Seattle,,02.18.2020,0,0,0,1,0,0
Seattle,,02.19.2020,0,0,0,0,0,
Seattle,,02.20.2020,0,0,0,1,0,0
Seattle,,02.21.2020,1,1,0,1,1,100
Seattle,,02.22.2020,1,1,0,1,1,100
Seattle,,02.23.2020,0,0,0,0,0,
Seattle,,02.24.2020,0,0,0,0,0,
Seattle,,02.25.2020,1,0,0,2,1,50
Seattle,,02.26.2020,1,0,0,1,1,100
Seattle,,02.27.2020,1,2,0,2,1,50
Seattle,,02.28.2020,1,2,0,9,1,"11,1111"
Seattle,,02.29.2020,3,0,0,11,3,"27,2727"
Seattle,,03.01.2020,6,3,0,19,6,"31,5789"
Seattle,,03.02.2020,4,2,0,30,4,"13,3333"
Seattle,,03.03.2020,4,2,0,38,4,"10,5263"
Seattle,,03.04.2020,4,3,0,79,4,"5,0633"
Seattle,,03.05.2020,3,5,0,104,3,"2,8846"
Seattle,,03.06.2020,6,2,0,89,6,"6,7416"
Seattle,,03.07.2020,4,0,0,93,4,"4,3011"
Seattle,,03.08.2020,8,2,0,202,8,"3,9604"
Seattle,,03.09.2020,12,4,1,281,12,"4,2705"
Seattle,,03.10.2020,25,7,0,371,25,"6,7385"
Seattle,,03.11.2020,18,2,1,519,18,"3,4682"
Seattle,,03.12.2020,35,8,1,690,35,"5,0725"
Seattle,,03.13.2020,40,4,0,478,40,"8,3682"
Seattle,,03.14.2020,24,3,0,285,24,"8,4211"
Seattle,,03.15.2020,16,2,0,601,16,"2,6622"
Seattle,,03.16.2020,53,7,0,731,53,"7,2503"
Seattle,,03.17.2020,50,4,4,759,50,"6,5876"
Seattle,,03.18.2020,49,4,1,734,49,"6,6757"
Seattle,,03.19.2020,52,5,1,644,52,"8,0745"
Seattle,,03.20.2020,39,3,3,346,39,"11,2717"
Seattle,,03.21.2020,20,2,1,218,20,"9,1743"
Seattle,,03.22.2020,26,5,2,700,26,"3,7143"
Seattle,,03.23.2020,61,10,2,819,61,"7,4481"
Seattle,,03.24.2020,47,4,3,703,47,"6,6856"
Seattle,,03.25.2020,54,9,4,631,54,"8,5578"
Seattle,,03.26.2020,51,5,3,649,51,"7,8582"
Seattle,,03.27.2020,46,8,3,418,46,"11,0048"
Seattle,,03.28.2020,19,11,4,259,19,"7,3359"
Seattle,,03.29.2020,26,7,0,726,26,"3,5813"
Seattle,,03.30.2020,63,9,1,751,63,"8,3888"
Seattle,,03.31.2020,42,6,2,817,42,"5,1408"
Seattle,,04.01.2020,53,7,2,751,53,"7,0573"
Seattle,,04.02.2020,49,13,1,811,49,"6,0419"
Seattle,,04.03.2020,49,9,3,605,49,"8,0992"
Seattle,,04.04.2020,22,4,4,372,22,"5,914"
Seattle,,04.05.2020,17,5,2,765,17,"2,2222"
Seattle,,04.06.2020,50,5,2,917,50,"5,4526"
Seattle,,04.07.2020,63,10,5,976,63,"6,4549"
Seattle,,04.08.2020,57,5,0,843,57,"6,7616"
Seattle,,04.09.2020,29,9,3,824,29,"3,5194"
Seattle,,04.10.2020,42,6,2,569,42,"7,3814"
Seattle,,04.11.2020,20,9,5,382,20,"5,2356"
Seattle,,04.12.2020,8,6,1,859,8,"0,9313"
Seattle,,04.13.2020,35,6,1,898,35,"3,8976"
Seattle,,04.14.2020,36,5,2,898,36,"4,0089"
Seattle,,04.15.2020,40,6,1,905,40,"4,4199"
Seattle,,04.16.2020,28,6,3,965,28,"2,9016"
Seattle,,04.17.2020,40,6,1,653,41,"6,2787"
Seattle,,04.18.2020,18,8,3,493,18,"3,6511"
Seattle,,04.19.2020,10,4,2,994,10,"1,006"
Seattle,,04.20.2020,34,3,0,859,34,"3,9581"
Seattle,,04.21.2020,31,7,5,1028,31,"3,0156"
Seattle,,04.22.2020,24,5,1,979,23,"2,3493"
Seattle,,04.23.2020,37,3,1,1057,37,"3,5005"
Seattle,,04.24.2020,18,6,1,819,18,"2,1978"
Seattle,,04.25.2020,18,8,0,523,18,"3,4417"
Seattle,,04.26.2020,23,7,2,879,23,"2,6166"
Seattle,,04.27.2020,35,1,0,1235,35,"2,834"
Seattle,,04.28.2020,16,6,0,1298,16,"1,2327"
Seattle,,04.29.2020,27,0,1,1059,27,"2,5496"
Seattle,,04.30.2020,21,3,2,1096,21,"1,9161"
Seattle,,05.01.2020,44,1,2,692,44,"6,3584"
Seattle,,05.02.2020,13,3,2,450,13,"2,8889"
Seattle,,05.03.2020,4,3,0,995,4,"0,402"
Seattle,,05.04.2020,27,5,4,1445,27,"1,8685"
Seattle,,05.05.2020,15,4,1,1096,15,"1,3686"
Seattle,,05.06.2020,22,1,2,893,22,"2,4636"
Seattle,,05.07.2020,12,3,3,1047,12,"1,1461"
Seattle,,05.08.2020,21,4,0,604,21,"3,4768"
Seattle,,05.09.2020,15,5,2,277,15,"5,4152"
Seattle,,05.10.2020,6,3,3,920,6,"0,6522"
Seattle,,05.11.2020,11,3,0,982,11,"1,1202"
Seattle,,05.12.2020,15,3,1,1007,15,"1,4896"
Seattle,,05.13.2020,14,2,0,1277,14,"1,0963"
Seattle,,05.14.2020,17,1,1,1132,17,"1,5018"
Seattle,,05.15.2020,10,2,0,666,10,"1,5015"
Seattle,,05.16.2020,5,2,1,424,5,"1,1792"
Seattle,,05.17.2020,4,0,1,1168,4,"0,3425"
Seattle,,05.18.2020,15,1,0,1014,15,"1,4793"
Seattle,,05.19.2020,2,1,2,989,2,"0,2022"
Seattle,,05.20.2020,11,2,1,818,11,"1,3447"
Seattle,,05.21.2020,5,2,0,693,4,"0,5772"
Seattle,,05.22.2020,14,6,0,513,14,"2,729"
Seattle,,05.23.2020,4,0,0,399,4,"1,0025"
Seattle,,05.24.2020,3,1,1,354,3,"0,8475"
Seattle,,05.25.2020,4,2,1,930,4,"0,4301"
Seattle,,05.26.2020,13,1,1,1170,13,"1,1111"
Seattle,,05.27.2020,16,1,2,869,16,"1,8412"
Seattle,,05.28.2020,21,0,1,822,21,"2,5547"
Seattle,,05.29.2020,14,2,0,700,14,2
Seattle,,05.30.2020,7,0,1,436,7,"1,6055"
Seattle,,05.31.2020,0,1,0,958,0,0
Seattle,,06.01.2020,6,1,1,1027,6,"0,5842"
Seattle,,06.02.2020,9,0,1,1119,8,"0,7149"
Seattle,,06.03.2020,14,3,1,972,14,"1,4403"
Seattle,,06.04.2020,3,1,1,1203,3,"0,2494"
Seattle,,06.05.2020,11,0,0,1034,11,"1,0638"
Seattle,,06.06.2020,11,1,1,550,11,2
Seattle,,06.07.2020,3,1,0,1737,3,"0,1727"
Seattle,,06.08.2020,18,0,1,1912,18,"0,9414"
Seattle,,06.09.2020,13,1,0,2304,13,"0,5642"
Seattle,,06.10.2020,15,0,0,2178,15,"0,6887"
Seattle,,06.11.2020,15,0,0,2063,15,"0,7271"
Seattle,,06.12.2020,20,0,1,2016,20,"0,9921"
Seattle,,06.13.2020,11,0,0,648,11,"1,6975"
Seattle,,06.14.2020,7,0,1,2350,7,"0,2979"
Seattle,,06.15.2020,20,1,0,2524,20,"0,7924"
Seattle,,06.16.2020,35,0,0,2669,35,"1,3114"
Seattle,,06.17.2020,33,1,0,2391,33,"1,3802"
Seattle,,06.18.2020,14,2,0,2399,14,"0,5836"
Seattle,,06.19.2020,25,1,0,2155,25,"1,1601"
Seattle,,06.20.2020,16,2,0,736,16,"2,1739"
Seattle,,06.21.2020,10,0,1,2324,10,"0,4303"
Seattle,,06.22.2020,46,2,0,2483,46,"1,8526"
Seattle,,06.23.2020,37,3,1,2918,37,"1,268"
Seattle,,06.24.2020,48,1,0,2387,48,"2,0109"
Seattle,,06.25.2020,40,2,0,2733,40,"1,4636"
Seattle,,06.26.2020,58,1,0,2583,58,"2,2455"
Seattle,,06.27.2020,72,1,0,939,72,"7,6677"
Seattle,,06.28.2020,10,1,0,3494,10,"0,2862"
Seattle,,06.29.2020,121,3,0,4116,120,"2,9155"
Seattle,,06.30.2020,78,0,0,4058,78,"1,9221"
Seattle,,07.01.2020,90,1,0,3531,90,"2,5489"
Seattle,,07.02.2020,53,0,0,2829,53,"1,8735"
Seattle,,07.03.2020,44,3,1,933,43,"4,6088"
Seattle,,07.04.2020,9,1,0,732,9,"1,2295"
Seattle,,07.05.2020,11,1,0,3349,11,"0,3285"
Seattle,,07.06.2020,53,2,0,3673,52,"1,4157"
Seattle,,07.07.2020,48,6,1,3205,48,"1,4977"
Seattle,,07.08.2020,47,3,2,2482,47,"1,8936"
Seattle,,07.09.2020,56,0,1,2887,56,"1,9397"
Seattle,,07.10.2020,49,2,0,2952,49,"1,6599"
Seattle,,07.11.2020,34,2,0,1035,34,"3,285"
Seattle,,07.12.2020,12,0,0,3522,12,"0,3407"
Seattle,,07.13.2020,61,4,0,3829,60,"1,567"
Seattle,,07.14.2020,52,6,2,4011,52,"1,2964"
Seattle,,07.15.2020,64,0,0,3524,58,"1,6459"
Seattle,,07.16.2020,46,3,0,3529,46,"1,3035"
Seattle,,07.17.2020,33,1,0,2737,33,"1,2057"
Seattle,,07.18.2020,38,2,0,925,38,"4,1081"
Seattle,,07.19.2020,13,1,2,3372,13,"0,3855"
Seattle,,07.20.2020,47,4,1,3651,47,"1,2873"
Seattle,,07.21.2020,65,4,0,3741,65,"1,7375"
Seattle,,07.22.2020,60,2,1,3247,56,"1,7247"
Seattle,,07.23.2020,35,0,1,3260,34,"1,0429"
Seattle,,07.24.2020,36,3,0,2782,35,"1,2581"
Seattle,,07.25.2020,22,2,1,842,22,"2,6128"
Seattle,,07.26.2020,17,3,0,3378,17,"0,5033"
Seattle,,07.27.2020,39,4,0,3610,39,"1,0803"
Seattle,,07.28.2020,29,1,0,3444,29,"0,842"
Seattle,,07.29.2020,40,3,1,3369,38,"1,1279"
Seattle,,07.30.2020,29,3,0,3338,29,"0,8688"
Seattle,,07.31.2020,41,5,0,2729,39,"1,4291"
Seattle,,08.01.2020,19,2,0,875,19,"2,1714"
Seattle,,08.02.2020,7,0,1,3688,8,"0,2169"
Seattle,,08.03.2020,44,2,1,3776,43,"1,1388"
Seattle,,08.04.2020,37,2,1,3567,37,"1,0373"
Seattle,,08.05.2020,35,1,1,3468,34,"0,9804"
Seattle,,08.06.2020,46,2,0,3603,45,"1,249"
Seattle,,08.07.2020,46,3,2,3216,45,"1,3993"
Seattle,,08.08.2020,24,2,0,1007,24,"2,3833"
Seattle,,08.09.2020,8,2,1,4257,8,"0,1879"
Seattle,,08.10.2020,59,3,2,3999,59,"1,4754"
Seattle,,08.11.2020,18,2,0,4385,18,"0,4105"
Seattle,,08.12.2020,41,0,2,4254,39,"0,9168"
Seattle,,08.13.2020,29,4,0,3845,27,"0,7022"
Seattle,,08.14.2020,35,5,2,2899,34,"1,1728"
Seattle,,08.15.2020,29,1,1,953,29,"3,043"
Seattle,,08.16.2020,4,2,0,4119,4,"0,0971"
Seattle,,08.17.2020,31,3,1,3918,30,"0,7657"
Seattle,,08.18.2020,14,3,0,4481,14,"0,3124"
Seattle,,08.19.2020,30,1,0,3707,29,"0,7823"
Seattle,,08.20.2020,14,0,0,3382,14,"0,414"
Seattle,,08.21.2020,22,2,0,2664,22,"0,8258"
Seattle,,08.22.2020,7,1,1,875,7,"0,8"
Seattle,,08.23.2020,7,2,0,4196,7,"0,1668"
Seattle,,08.24.2020,36,3,0,3962,35,"0,8834"
Seattle,,08.25.2020,36,0,2,4012,35,"0,8724"
Seattle,,08.26.2020,33,0,0,3493,33,"0,9447"
Seattle,,08.27.2020,21,2,0,3520,21,"0,5966"
Seattle,,08.28.2020,30,0,0,2713,29,"1,0689"
Seattle,,08.29.2020,20,0,0,938,20,"2,1322"
Seattle,,08.30.2020,1,0,0,4469,1,"0,0224"
Seattle,,08.31.2020,38,0,0,4516,38,"0,8415"
Seattle,,09.01.2020,27,3,0,4433,26,"0,5865"
Seattle,,09.02.2020,29,1,1,3802,26,"0,6839"
Seattle,,09.03.2020,22,1,1,3399,22,"0,6472"
Seattle,,09.04.2020,14,0,0,2727,14,"0,5134"
Seattle,,09.05.2020,18,0,0,1045,18,"1,7225"
Seattle,,09.06.2020,3,1,0,933,3,"0,3215"
Seattle,,09.07.2020,10,0,1,4685,10,"0,2134"
Seattle,,09.08.2020,26,0,0,4828,26,"0,5385"
Seattle,,09.09.2020,39,2,0,3813,38,"0,9966"
Seattle,,09.10.2020,31,2,0,3282,30,"0,9141"
Seattle,,09.11.2020,21,0,0,2559,21,"0,8206"
Seattle,,09.12.2020,10,0,0,921,10,"1,0858"
Seattle,,09.13.2020,5,0,0,2106,5,"0,2374"
Seattle,,09.14.2020,23,1,0,4347,23,"0,5291"
Seattle,,09.15.2020,16,0,0,4223,16,"0,3789"
Seattle,,09.16.2020,34,0,0,3864,32,"0,8282"
Seattle,,09.17.2020,26,0,0,3274,26,"0,7941"
Seattle,,09.18.2020,26,0,0,2912,25,"0,8585"
Seattle,,09.19.2020,16,1,0,1355,16,"1,1808"
Seattle,,09.20.2020,3,1,0,4608,3,"0,0651"
Seattle,,09.21.2020,43,1,0,4609,43,"0,933"
Seattle,,09.22.2020,21,2,0,4315,21,"0,4867"
Seattle,,09.23.2020,22,0,0,3822,20,"0,5233"
Seattle,,09.24.2020,34,4,1,3939,34,"0,8632"
Seattle,,09.25.2020,23,1,0,3152,23,"0,7297"
Seattle,,09.26.2020,23,0,0,1360,23,"1,6912"
Seattle,,09.27.2020,8,4,0,4790,8,"0,167"
Seattle,,09.28.2020,91,1,0,4844,90,"1,858"
Seattle,,09.29.2020,57,3,0,4981,57,"1,1443"
Seattle,,09.30.2020,51,1,0,4353,49,"1,1257"
Seattle,,10.01.2020,52,2,3,4707,52,"1,1047"
Seattle,,10.02.2020,48,0,1,4143,47,"1,1344"
Seattle,,10.03.2020,30,2,0,1815,30,"1,6529"
Seattle,,10.04.2020,10,0,0,6585,10,"0,1519"
Seattle,,10.05.2020,49,1,0,6378,49,"0,7683"
Seattle,,10.06.2020,43,0,3,6652,42,"0,6314"
Seattle,,10.07.2020,50,0,0,5228,49,"0,9373"
Seattle,,10.08.2020,44,0,0,4683,42,"0,8969"
Seattle,,10.09.2020,39,0,0,3926,37,"0,9424"
Seattle,,10.10.2020,20,0,0,1502,20,"1,3316"
Seattle,,10.11.2020,10,2,0,5415,10,"0,1847"
Seattle,,10.12.2020,37,1,0,5794,37,"0,6386"
Seattle,,10.13.2020,37,1,0,5900,37,"0,6271"
Seattle,,10.14.2020,48,3,0,5276,47,"0,8908"
Seattle,,10.15.2020,45,1,0,4932,45,"0,9124"
Seattle,,10.16.2020,32,2,0,3838,31,"0,8077"
Seattle,,10.17.2020,16,3,0,1382,16,"1,1577"
Seattle,,10.18.2020,9,2,1,5487,9,"0,164"
Seattle,,10.19.2020,43,2,0,6344,42,"0,662"
Seattle,,10.20.2020,71,1,0,5931,71,"1,1971"
Seattle,,10.21.2020,49,0,1,5205,48,"0,9222"
Seattle,,10.22.2020,48,0,0,4652,48,"1,0318"
Seattle,,10.23.2020,44,2,0,3786,43,"1,1358"
Seattle,,10.24.2020,47,2,0,1441,47,"3,2616"
Seattle,,10.25.2020,15,0,0,6064,15,"0,2474"
Seattle,,10.26.2020,93,4,0,6456,93,"1,4405"
Seattle,,10.27.2020,81,2,0,7006,81,"1,1562"
Seattle,,10.28.2020,79,1,1,6487,79,"1,2178"
Seattle,,10.29.2020,119,3,1,5376,118,"2,1949"
Seattle,,10.30.2020,94,1,0,4070,89,"2,1867"
Seattle,,10.31.2020,85,1,0,1526,85,"5,5701"
Seattle,,11.01.2020,11,3,0,6977,11,"0,1577"
Seattle,,11.02.2020,135,6,0,6085,135,"2,2186"
Seattle,,11.03.2020,123,2,0,6300,124,"1,9683"
Seattle,,11.04.2020,189,3,1,6561,184,"2,8045"
Seattle,,11.05.2020,133,1,0,5852,133,"2,2727"
Seattle,,11.06.2020,134,7,0,4936,134,"2,7147"
Seattle,,11.07.2020,116,6,0,1681,116,"6,9007"
Seattle,,11.08.2020,21,6,1,6884,21,"0,3051"
Seattle,,11.09.2020,199,7,2,7793,197,"2,5279"
Seattle,,11.10.2020,148,5,0,7194,145,"2,0156"
Seattle,,11.11.2020,161,5,0,7221,161,"2,2296"
Seattle,,11.12.2020,168,2,0,7187,168,"2,3376"
Seattle,,11.13.2020,205,12,0,5832,198,"3,3951"
Seattle,,11.14.2020,177,6,2,2076,177,"8,526"
Seattle,,11.15.2020,31,3,1,7865,31,"0,3942"
Seattle,,11.16.2020,229,5,2,9602,227,"2,3641"
Seattle,,11.17.2020,222,7,1,9596,221,"2,303"
Seattle,,11.18.2020,201,12,1,9209,197,"2,1392"
Seattle,,11.19.2020,226,5,1,9491,222,"2,3391"
Seattle,,11.20.2020,178,3,1,8770,178,"2,0296"
Seattle,,11.21.2020,174,4,3,2757,174,"6,3112"
Seattle,,11.22.2020,54,8,1,10206,53,"0,5193"
Seattle,,11.23.2020,223,6,1,10182,222,"2,1803"
Seattle,,11.24.2020,208,3,0,6591,209,"3,171"
Seattle,,11.25.2020,227,9,0,1216,226,"18,5855"
Seattle,,11.26.2020,25,4,2,4786,25,"0,5224"
Seattle,,11.27.2020,208,8,1,4936,208,"4,2139"
Seattle,,11.28.2020,131,6,1,1957,131,"6,6939"
Seattle,,11.29.2020,27,6,0,6660,27,"0,4054"
Seattle,,11.30.2020,296,12,5,6686,289,"4,3225"
Seattle,,12.01.2020,217,7,1,7065,217,"3,0715"
Seattle,,12.02.2020,173,10,1,6884,168,"2,4404"
Seattle,,12.03.2020,190,8,6,6850,184,"2,6861"
Seattle,,12.04.2020,194,8,3,5583,192,"3,439"
Seattle,,12.05.2020,133,9,1,1807,130,"7,1942"
Seattle,,12.06.2020,21,6,2,6732,20,"0,2971"
Seattle,,12.07.2020,241,6,4,7326,237,"3,2351"
Seattle,,12.08.2020,174,3,0,6549,175,"2,6722"
Seattle,,12.09.2020,131,13,4,6037,129,"2,1368"
Seattle,,12.10.2020,127,8,4,6249,123,"1,9683"
Seattle,,12.11.2020,165,6,4,5044,163,"3,2316"
Seattle,,12.12.2020,109,4,2,1968,107,"5,437"
Seattle,,12.13.2020,31,12,4,7529,31,"0,4117"
Seattle,,12.14.2020,174,8,3,8007,167,"2,0857"
Seattle,,12.15.2020,152,5,2,8063,148,"1,8355"
Seattle,,12.16.2020,150,7,6,7685,139,"1,8087"
Seattle,,12.17.2020,120,9,3,8183,113,"1,3809"
Seattle,,12.18.2020,129,4,1,6685,122,"1,825"
Seattle,,12.19.2020,94,9,3,1936,94,"4,8554"
Seattle,,12.20.2020,30,4,1,9478,26,"0,2743"
Seattle,,12.21.2020,168,6,5,9305,166,"1,784"
Seattle,,12.22.2020,138,7,5,7150,134,"1,8741"
Seattle,,12.23.2020,128,8,3,2845,115,"4,0422"
Seattle,,12.24.2020,69,8,3,587,59,"10,0511"
Seattle,,12.25.2020,11,7,2,4446,9,"0,2024"
Seattle,,12.26.2020,139,8,0,1804,133,"7,3725"
Seattle,,12.27.2020,42,3,3,8109,41,"0,5056"
Seattle,,12.28.2020,202,7,2,8338,198,"2,3747"
Seattle,,12.29.2020,160,6,3,7975,156,"1,9561"
Seattle,,12.30.2020,156,8,4,5695,151,"2,6514"
Seattle,,12.31.2020,151,7,2,1350,150,"11,1111"
Seattle,,01.01.2021,33,3,1,5987,24,"0,4009"
Seattle,,01.02.2021,194,1,1,2663,183,"6,8719"
Seattle,,01.03.2021,47,5,2,8516,44,"0,5167"
Seattle,,01.04.2021,286,7,2,8091,280,"3,4606"
Seattle,,01.05.2021,233,5,1,8118,216,"2,6608"
Seattle,,01.06.2021,194,8,0,6748,181,"2,6823"
Seattle,,01.07.2021,169,2,2,6775,166,"2,4502"
Seattle,,01.08.2021,140,6,0,5021,137,"2,7285"
Seattle,,01.09.2021,94,3,1,1850,92,"4,973"
Seattle,,01.10.2021,22,5,0,6782,20,"0,2949"
Seattle,,01.11.2021,198,6,3,7201,196,"2,7218"
Seattle,,01.12.2021,156,3,2,7151,153,"2,1396"
Seattle,,01.13.2021,147,3,2,6368,141,"2,2142"
Seattle,,01.14.2021,103,4,3,5819,103,"1,7701"
Seattle,,01.15.2021,125,3,2,4306,121,"2,81"
Seattle,,01.16.2021,57,3,3,1732,55,"3,1755"
Seattle,,01.17.2021,26,3,2,5258,26,"0,4945"
Seattle,,01.18.2021,124,5,0,6798,124,"1,8241"
Seattle,,01.19.2021,82,4,1,6696,79,"1,1798"
Seattle,,01.20.2021,95,6,1,5812,92,"1,5829"
Seattle,,01.21.2021,96,2,4,5351,94,"1,7567"
Seattle,,01.22.2021,96,3,2,4071,94,"2,309"
Seattle,,01.23.2021,61,1,3,1542,61,"3,9559"
Seattle,,01.24.2021,15,3,2,6257,12,"0,1918"
Seattle,,01.25.2021,92,4,1,6786,87,"1,2821"
Seattle,,01.26.2021,69,4,1,6647,63,"0,9478"
Seattle,,01.27.2021,85,3,1,6113,81,"1,325"
Seattle,,01.28.2021,54,4,0,5098,49,"0,9612"
Seattle,,01.29.2021,64,4,3,3705,61,"1,6464"
Seattle,,01.30.2021,60,2,1,1502,57,"3,7949"
Seattle,,01.31.2021,23,2,0,6299,13,"0,2064"
Seattle,,02.01.2021,74,4,1,6335,71,"1,1208"
Seattle,,02.02.2021,52,3,1,6608,49,"0,7415"
Seattle,,02.03.2021,84,1,1,5695,79,"1,3872"
Seattle,,02.04.2021,48,1,0,5338,47,"0,8805"
Seattle,,02.05.2021,50,3,1,3713,48,"1,2928"
Seattle,,02.06.2021,32,2,1,1389,28,"2,0158"
Seattle,,02.07.2021,9,2,0,6110,8,"0,1309"
Seattle,,02.08.2021,65,2,0,6728,61,"0,9067"
Seattle,,02.09.2021,58,2,0,6769,54,"0,7978"
Seattle,,02.10.2021,53,1,2,5884,50,"0,8498"
Seattle,,02.11.2021,48,2,0,4890,45,"0,9202"
Seattle,,02.12.2021,54,0,1,1521,48,"3,1558"
Seattle,,02.13.2021,9,4,1,801,8,"0,9988"
Seattle,,02.14.2021,5,1,0,3469,5,"0,1441"
Seattle,,02.15.2021,51,2,1,5997,51,"0,8504"
Seattle,,02.16.2021,51,2,0,5698,49,"0,86"
Seattle,,02.17.2021,48,1,1,4728,47,"0,9941"
Seattle,,02.18.2021,28,3,0,4397,25,"0,5686"
Seattle,,02.19.2021,36,2,0,3307,33,"0,9979"
Seattle,,02.20.2021,24,6,3,1471,23,"1,5636"
Seattle,,02.21.2021,18,3,1,5825,16,"0,2747"
Seattle,,02.22.2021,52,2,2,6165,42,"0,6813"
Seattle,,02.23.2021,40,1,0,6377,38,"0,5959"
Seattle,,02.24.2021,36,0,1,5322,36,"0,6764"
Seattle,,02.25.2021,39,2,0,4667,37,"0,7928"
Seattle,,02.26.2021,36,0,2,2996,35,"1,1682"
Seattle,,02.27.2021,23,1,2,1229,21,"1,7087"
Seattle,,02.28.2021,8,0,0,5233,6,"0,1147"
Seattle,,03.01.2021,49,1,0,5732,44,"0,7676"
Seattle,,03.02.2021,39,0,0,6022,38,"0,631"
Seattle,,03.03.2021,39,1,0,5017,37,"0,7375"
Seattle,,03.04.2021,44,1,0,4821,40,"0,8297"
Seattle,,03.05.2021,38,0,1,2918,34,"1,1652"
Seattle,,03.06.2021,22,0,1,1244,18,"1,4469"
Seattle,,03.07.2021,8,2,0,5351,7,"0,1308"
Seattle,,03.08.2021,53,0,1,5413,51,"0,9422"
Seattle,,03.09.2021,35,0,0,5694,34,"0,5971"
Seattle,,03.10.2021,47,2,0,4623,44,"0,9518"
Seattle,,03.11.2021,45,0,0,4568,44,"0,9632"
Seattle,,03.12.2021,32,3,0,2879,29,"1,0073"
Seattle,,03.13.2021,20,0,1,1174,19,"1,6184"
Seattle,,03.14.2021,12,2,0,5141,12,"0,2334"
Seattle,,03.15.2021,49,1,2,5271,47,"0,8917"
Seattle,,03.16.2021,50,1,0,5801,45,"0,7757"
Seattle,,03.17.2021,45,0,0,4638,42,"0,9056"
Seattle,,03.18.2021,52,2,0,4679,44,"0,9404"
Seattle,,03.19.2021,49,2,1,3111,44,"1,4143"
Seattle,,03.20.2021,35,1,1,1194,30,"2,5126"
Seattle,,03.21.2021,16,3,0,4741,13,"0,2742"
Seattle,,03.22.2021,88,1,0,4691,81,"1,7267"
Seattle,,03.23.2021,89,1,1,4928,84,"1,7045"
Seattle,,03.24.2021,102,3,0,4295,94,"2,1886"
Seattle,,03.25.2021,87,2,0,4530,78,"1,7219"
Seattle,,03.26.2021,84,0,1,3224,74,"2,2953"
Seattle,,03.27.2021,52,2,0,1323,49,"3,7037"
Seattle,,03.28.2021,23,5,0,5729,13,"0,2269"
Seattle,,03.29.2021,111,0,0,5757,104,"1,8065"
Seattle,,03.30.2021,93,1,0,5366,86,"1,6027"
Seattle,,03.31.2021,80,2,1,4666,75,"1,6074"
Seattle,,04.01.2021,84,5,0,4283,73,"1,7044"
Seattle,,04.02.2021,85,1,0,3224,79,"2,4504"
Seattle,,04.03.2021,64,4,0,1181,58,"4,9111"
Seattle,,04.04.2021,16,1,1,5090,14,"0,275"
Seattle,,04.05.2021,129,7,0,5923,117,"1,9754"
Seattle,,04.06.2021,103,5,1,5705,89,"1,56"
Seattle,,04.07.2021,100,1,0,5059,91,"1,7988"
Seattle,,04.08.2021,78,2,0,4450,71,"1,5955"
Seattle,,04.09.2021,82,4,1,3133,70,"2,2343"
Seattle,,04.10.2021,55,4,2,1183,50,"4,2265"
Seattle,,04.11.2021,26,3,0,4850,18,"0,3711"
Seattle,,04.12.2021,121,2,0,5152,111,"2,1545"
Seattle,,04.13.2021,110,3,1,4739,100,"2,1101"
Seattle,,04.14.2021,107,2,0,4405,99,"2,2474"
Seattle,,04.15.2021,100,1,1,3842,93,"2,4206"
Seattle,,04.16.2021,77,3,0,2945,74,"2,5127"
Seattle,,04.17.2021,69,1,1,1311,63,"4,8055"
Seattle,,04.18.2021,24,3,1,5176,18,"0,3478"
Seattle,,04.19.2021,117,4,0,5303,109,"2,0554"
Seattle,,04.20.2021,110,2,0,5012,92,"1,8356"
Seattle,,04.21.2021,96,5,0,4631,83,"1,7923"
Seattle,,04.22.2021,99,3,3,3960,89,"2,2475"
Seattle,,04.23.2021,73,2,1,2829,67,"2,3683"
Seattle,,04.24.2021,57,4,0,1234,52,"4,2139"
Seattle,,04.25.2021,12,2,0,4487,11,"0,2452"
Seattle,,04.26.2021,87,2,2,4453,83,"1,8639"
Seattle,,04.27.2021,83,4,1,4091,78,"1,9066"
Seattle,,04.28.2021,102,4,1,3746,90,"2,4026"
Seattle,,04.29.2021,71,4,0,3252,66,"2,0295"
Seattle,,04.30.2021,69,2,0,2480,64,"2,5806"
Seattle,,05.01.2021,66,4,1,1148,58,"5,0523"
Seattle,,05.02.2021,19,5,0,4100,15,"0,3659"
Seattle,,05.03.2021,78,1,0,4384,76,"1,7336"
Seattle,,05.04.2021,80,2,1,3903,77,"1,9728"
Seattle,,05.05.2021,59,1,0,3657,54,"1,4766"
Seattle,,05.06.2021,58,4,2,3197,55,"1,7204"
Seattle,,05.07.2021,41,1,1,2316,38,"1,6408"
Seattle,,05.08.2021,32,2,0,1012,27,"2,668"
Seattle,,05.09.2021,9,1,0,3768,8,"0,2123"
Seattle,,05.10.2021,54,3,0,3903,50,"1,2811"
Seattle,,05.11.2021,61,1,1,3790,56,"1,4776"
Seattle,,05.12.2021,42,3,1,3080,39,"1,2662"
Seattle,,05.13.2021,29,2,2,3108,27,"0,8687"
Seattle,,05.14.2021,37,5,1,1880,33,"1,7553"
Seattle,,05.15.2021,25,2,0,979,24,"2,4515"
Seattle,,05.16.2021,9,3,1,3212,8,"0,2491"
Seattle,,05.17.2021,28,4,1,3604,26,"0,7214"
Seattle,,05.18.2021,26,1,1,2439,21,"0,861"
Seattle,,05.19.2021,29,2,0,1475,23,"1,5593"
Seattle,,05.20.2021,30,1,1,2307,25,"1,0837"
Seattle,,05.21.2021,17,4,0,1571,15,"0,9548"
Seattle,,05.22.2021,23,2,1,1025,22,"2,1463"
Seattle,,05.23.2021,12,1,0,3297,9,"0,273"
Seattle,,05.24.2021,28,5,0,3296,27,"0,8192"
Seattle,,05.25.2021,19,1,1,3011,18,"0,5978"
Seattle,,05.26.2021,28,7,1,2642,24,"0,9084"
Seattle,,05.27.2021,15,2,0,2285,14,"0,6127"
Seattle,,05.28.2021,25,2,0,1459,21,"1,4393"
Seattle,,05.29.2021,9,2,0,894,8,"0,8949"
Seattle,,05.30.2021,8,1,1,879,5,"0,5688"
Seattle,,05.31.2021,8,0,0,3514,5,"0,1423"
Seattle,,06.01.2021,51,7,0,2761,46,"1,6661"
Seattle,,06.02.2021,32,2,0,2458,31,"1,2612"
Seattle,,06.03.2021,19,0,0,1999,17,"0,8504"
Seattle,,06.04.2021,19,1,0,1737,17,"0,9787"
Seattle,,06.05.2021,8,1,0,833,7,"0,8403"
Seattle,,06.06.2021,6,1,0,2863,5,"0,1746"
Seattle,,06.07.2021,16,2,0,2703,16,"0,5919"
Seattle,,06.08.2021,19,0,2,2714,16,"0,5895"
Seattle,,06.09.2021,31,3,0,2478,30,"1,2107"
Seattle,,06.10.2021,22,1,0,2132,20,"0,9381"
Seattle,,06.11.2021,20,1,1,1821,18,"0,9885"
Seattle,,06.12.2021,7,0,0,948,7,"0,7384"
Seattle,,06.13.2021,9,2,0,2800,9,"0,3214"
Seattle,,06.14.2021,29,2,0,2916,27,"0,9259"
Seattle,,06.15.2021,17,2,0,2593,15,"0,5785"
Seattle,,06.16.2021,14,2,0,2265,14,"0,6181"
Seattle,,06.17.2021,16,1,1,2063,11,"0,5332"
Seattle,,06.18.2021,15,0,0,1809,13,"0,7186"
Seattle,,06.19.2021,22,2,0,739,22,"2,977"
Seattle,,06.20.2021,5,1,1,2827,4,"0,1415"
Seattle,,06.21.2021,32,1,0,2597,31,"1,1937"
Seattle,,06.22.2021,13,1,0,2522,11,"0,4362"
Seattle,,06.23.2021,16,1,0,2278,16,"0,7024"
Seattle,,06.24.2021,12,1,0,1928,10,"0,5187"
Seattle,,06.25.2021,18,2,0,1596,16,"1,0025"
Seattle,,06.26.2021,11,1,1,793,9,"1,1349"
Seattle,,06.27.2021,5,1,0,2189,5,"0,2284"
Seattle,,06.28.2021,15,0,0,2656,14,"0,5271"
Seattle,,06.29.2021,16,0,1,2507,15,"0,5983"
Seattle,,06.30.2021,22,3,1,2285,18,"0,7877"
Seattle,,07.01.2021,20,0,0,1986,19,"0,9567"
Seattle,,07.02.2021,22,1,1,1697,20,"1,1786"
Seattle,,07.03.2021,12,1,0,657,11,"1,6743"
Seattle,,07.04.2021,4,0,0,1120,4,"0,3571"
Seattle,,07.05.2021,11,0,0,3178,10,"0,3147"
Seattle,,07.06.2021,38,0,0,2780,35,"1,259"
Seattle,,07.07.2021,32,1,0,2483,31,"1,2485"
Seattle,,07.08.2021,36,0,0,2330,35,"1,5021"
Seattle,,07.09.2021,27,2,1,1860,27,"1,4516"
Seattle,,07.10.2021,27,0,1,876,24,"2,7397"
Seattle,,07.11.2021,19,1,1,3022,13,"0,4302"
Seattle,,07.12.2021,54,2,0,2542,49,"1,9276"
Seattle,,07.13.2021,40,2,0,1045,39,"3,7321"
Seattle,,07.14.2021,46,0,0,750,45,6
Seattle,,07.15.2021,56,4,0,814,47,"5,774"
Seattle,,07.16.2021,41,1,0,1905,38,"1,9948"
Seattle,,07.17.2021,29,0,0,825,28,"3,3939"
Seattle,,07.18.2021,15,0,0,3676,14,"0,3808"
Seattle,,07.19.2021,82,0,0,3592,76,"2,1158"
Seattle,,07.20.2021,77,2,0,3821,74,"1,9367"
Seattle,,07.21.2021,82,0,0,3720,76,"2,043"
Seattle,,07.22.2021,94,1,0,3459,90,"2,6019"
Seattle,,07.23.2021,93,0,1,2871,80,"2,7865"
Seattle,,07.24.2021,70,1,0,1054,63,"5,9772"
Seattle,,07.25.2021,24,2,0,4676,13,"0,278"
Seattle,,07.26.2021,143,3,0,4598,133,"2,8926"
Seattle,,07.27.2021,128,3,0,4761,116,"2,4365"
Seattle,,07.28.2021,133,2,0,4771,127,"2,6619"
Seattle,,07.29.2021,142,3,0,4762,129,"2,7089"
Seattle,,07.30.2021,147,2,1,4015,132,"3,2877"
Seattle,,07.31.2021,93,5,0,1133,87,"7,6787"
Seattle,,08.01.2021,24,4,0,5656,13,"0,2298"
Seattle,,08.02.2021,190,2,0,6231,171,"2,7443"
Seattle,,08.03.2021,197,0,1,6311,178,"2,8205"
Seattle,,08.04.2021,227,3,1,6349,206,"3,2446"
Seattle,,08.05.2021,231,5,0,5878,213,"3,6237"
Seattle,,08.06.2021,205,2,2,4609,179,"3,8837"
Seattle,,08.07.2021,141,8,1,1314,123,"9,3607"
Seattle,,08.08.2021,44,3,0,6682,32,"0,4789"
Seattle,,08.09.2021,297,7,1,7314,282,"3,8556"
Seattle,,08.10.2021,236,4,0,7104,222,"3,125"
Seattle,,08.11.2021,207,8,0,6373,186,"2,9186"
Seattle,,08.12.2021,184,4,0,4909,162,"3,3001"
Seattle,,08.13.2021,135,5,0,3744,128,"3,4188"
Seattle,,08.14.2021,115,5,1,1250,102,"8,16"
Seattle,,08.15.2021,39,5,1,6220,33,"0,5305"
Seattle,,08.16.2021,221,3,1,6597,201,"3,0468"
Seattle,,08.17.2021,176,6,1,7278,170,"2,3358"
Seattle,,08.18.2021,163,7,0,6614,146,"2,2074"
Seattle,,08.19.2021,167,7,0,6247,154,"2,4652"
Seattle,,08.20.2021,143,4,0,4136,130,"3,1431"
Seattle,,08.21.2021,97,1,0,1307,86,"6,58"
Seattle,,08.22.2021,33,3,0,6971,21,"0,3012"
Seattle,,08.23.2021,218,3,1,6934,209,"3,0141"
Seattle,,08.24.2021,193,6,2,7088,179,"2,5254"
Seattle,,08.25.2021,176,6,2,6749,164,"2,43"
Seattle,,08.26.2021,166,5,1,5675,154,"2,7137"
Seattle,,08.27.2021,204,3,0,4481,197,"4,3963"
Seattle,,08.28.2021,123,4,1,1560,113,"7,2436"
Seattle,,08.29.2021,35,1,0,7694,26,"0,3379"
Seattle,,08.30.2021,190,4,2,7871,175,"2,2234"
Seattle,,08.31.2021,173,7,2,8045,164,"2,0385"
Seattle,,09.01.2021,144,5,2,7189,137,"1,9057"
Seattle,,09.02.2021,150,5,2,6747,139,"2,0602"
Seattle,,09.03.2021,123,6,2,4072,110,"2,7014"
Seattle,,09.04.2021,110,4,1,1467,100,"6,8166"
Seattle,,09.05.2021,39,4,0,1683,30,"1,7825"
Seattle,,09.06.2021,40,1,2,8297,34,"0,4098"
Seattle,,09.07.2021,232,4,0,7475,216,"2,8896"
Seattle,,09.08.2021,157,6,1,7031,150,"2,1334"
Seattle,,09.09.2021,214,2,0,6859,203,"2,9596"
Seattle,,09.10.2021,157,4,0,4648,143,"3,0766"
Seattle,,09.11.2021,92,4,0,1246,88,"7,0626"
Seattle,,09.12.2021,34,4,0,7580,26,"0,343"
Seattle,,09.13.2021,208,9,0,7169,198,"2,7619"
Seattle,,09.14.2021,124,4,0,7459,112,"1,5015"
Seattle,,09.15.2021,115,2,2,7716,107,"1,3867"
Seattle,,09.16.2021,129,3,1,6084,122,"2,0053"
Seattle,,09.17.2021,113,4,0,4193,104,"2,4803"
Seattle,,09.18.2021,53,5,2,1373,46,"3,3503"
Seattle,,09.19.2021,31,4,2,7683,23,"0,2994"
Seattle,,09.20.2021,133,5,1,7497,128,"1,7073"
Seattle,,09.21.2021,137,2,2,7931,125,"1,5761"
Seattle,,09.22.2021,143,0,0,7819,134,"1,7138"
Seattle,,09.23.2021,141,0,0,6586,130,"1,9739"
Seattle,,09.24.2021,120,3,2,4123,114,"2,765"
Seattle,,09.25.2021,94,2,2,1678,87,"5,1847"
Seattle,,09.26.2021,22,1,0,7562,15,"0,1984"
Seattle,,09.27.2021,180,1,0,7716,169,"2,1903"
Seattle,,09.28.2021,144,1,0,7433,133,"1,7893"
Seattle,,09.29.2021,164,2,1,7871,151,"1,9184"
Seattle,,09.30.2021,135,6,0,5781,129,"2,2314"
Seattle,,10.01.2021,124,1,4,4472,117,"2,6163"
Seattle,,10.02.2021,101,0,1,1600,93,"5,8125"
Seattle,,10.03.2021,30,2,0,8013,24,"0,2995"
Seattle,,10.04.2021,186,2,0,7545,178,"2,3592"
Seattle,,10.05.2021,111,2,0,7673,105,"1,3684"
Seattle,,10.06.2021,165,3,0,7129,156,"2,1882"
Seattle,,10.07.2021,116,2,1,5862,102,"1,74"
Seattle,,10.08.2021,105,6,1,4086,102,"2,4963"
Seattle,,10.09.2021,72,4,0,1508,69,"4,5756"
Seattle,,10.10.2021,24,6,1,7212,20,"0,2773"
Seattle,,10.11.2021,135,3,2,6864,126,"1,8357"
Seattle,,10.12.2021,111,2,0,7029,108,"1,5365"
Seattle,,10.13.2021,122,3,1,6702,113,"1,6861"
Seattle,,10.14.2021,104,4,2,5223,97,"1,8572"
Seattle,,10.15.2021,90,3,0,3350,88,"2,6269"
Seattle,,10.16.2021,70,4,2,1450,65,"4,4828"
Seattle,,10.17.2021,20,2,0,6746,17,"0,252"
Seattle,,10.18.2021,116,2,1,6497,113,"1,7393"
Seattle,,10.19.2021,75,1,2,6295,71,"1,1279"
Seattle,,10.20.2021,124,3,3,6342,118,"1,8606"
Seattle,,10.21.2021,96,2,0,4895,89,"1,8182"
Seattle,,10.22.2021,88,2,0,3587,87,"2,4254"
Seattle,,10.23.2021,62,2,5,1352,59,"4,3639"
Seattle,,10.24.2021,24,1,0,6188,20,"0,3232"
Seattle,,10.25.2021,125,4,0,5893,120,"2,0363"
Seattle,,10.26.2021,120,2,0,6097,116,"1,9026"
Seattle,,10.27.2021,133,2,1,6370,130,"2,0408"
Seattle,,10.28.2021,114,3,1,4923,103,"2,0922"
Seattle,,10.29.2021,96,3,0,3769,90,"2,3879"
Seattle,,10.30.2021,65,3,0,1353,61,"4,5085"
Seattle,,10.31.2021,23,2,1,6461,18,"0,2786"
Seattle,,11.01.2021,100,4,0,6340,94,"1,4826"
Seattle,,11.02.2021,106,4,0,6530,99,"1,5161"
Seattle,,11.03.2021,129,2,0,6448,126,"1,9541"
Seattle,,11.04.2021,133,2,0,5111,124,"2,4261"
Seattle,,11.05.2021,116,1,0,3636,109,"2,9978"
Seattle,,11.06.2021,83,5,1,1556,80,"5,1414"
Seattle,,11.07.2021,23,2,1,7034,19,"0,2701"
Seattle,,11.08.2021,117,3,1,5977,109,"1,8237"
Seattle,,11.09.2021,82,1,2,6065,74,"1,2201"
Seattle,,11.10.2021,88,1,2,4824,85,"1,762"
Seattle,,11.11.2021,80,1,0,4918,78,"1,586"
Seattle,,11.12.2021,95,2,1,3416,89,"2,6054"
Seattle,,11.13.2021,59,2,0,1420,57,"4,0141"
Seattle,,11.14.2021,23,2,0,6087,17,"0,2793"
Seattle,,11.15.2021,128,0,0,5929,127,"2,142"
Seattle,,11.16.2021,107,3,1,6077,102,"1,6785"
Seattle,,11.17.2021,78,3,1,6180,75,"1,2136"
Seattle,,11.18.2021,72,3,0,5423,69,"1,2724"
Seattle,,11.19.2021,82,0,0,4751,79,"1,6628"
Seattle,,11.20.2021,60,1,0,1971,54,"2,7397"
Seattle,,11.21.2021,20,0,0,8766,18,"0,2053"
Seattle,,11.22.2021,96,3,4,8539,89,"1,0423"
Seattle,,11.23.2021,79,1,0,6146,77,"1,2528"
Seattle,,11.24.2021,80,1,0,938,77,"8,209"
Seattle,,11.25.2021,12,0,0,3413,12,"0,3516"
Seattle,,11.26.2021,94,2,1,3768,91,"2,4151"
Seattle,,11.27.2021,73,1,0,1903,70,"3,6784"
Seattle,,11.28.2021,33,1,0,7122,28,"0,3931"
Seattle,,11.29.2021,121,1,0,6319,115,"1,8199"
Seattle,,11.30.2021,103,2,0,6198,100,"1,6134"
Seattle,,12.01.2021,104,0,1,6392,102,"1,5957"
Seattle,,12.02.2021,115,3,0,5434,109,"2,0059"
Seattle,,12.03.2021,85,1,0,3945,81,"2,0532"
Seattle,,12.04.2021,71,0,0,2055,67,"3,2603"
Seattle,,12.05.2021,25,0,0,6841,25,"0,3654"
Seattle,,12.06.2021,125,1,0,6161,122,"1,9802"
Seattle,,12.07.2021,80,0,1,6339,75,"1,1832"
Seattle,,12.08.2021,129,3,0,6464,126,"1,9493"
Seattle,,12.09.2021,113,1,0,5653,107,"1,8928"
Seattle,,12.10.2021,114,0,0,4128,111,"2,689"
Seattle,,12.11.2021,80,2,0,2259,77,"3,4086"
Seattle,,12.12.2021,33,2,0,7004,31,"0,4426"
Seattle,,12.13.2021,182,1,1,7154,174,"2,4322"
Seattle,,12.14.2021,228,1,1,7720,225,"2,9145"
Seattle,,12.15.2021,309,4,0,8381,293,"3,496"
Seattle,,12.16.2021,292,2,0,8802,288,"3,272"
Seattle,,12.17.2021,363,0,0,7528,349,"4,636"
Seattle,,12.18.2021,306,2,0,3933,291,"7,3989"
Seattle,,12.19.2021,217,3,0,12065,198,"1,6411"
Seattle,,12.20.2021,799,3,1,13973,773,"5,5321"
Seattle,,12.21.2021,883,6,1,13980,868,"6,2089"
Seattle,,12.22.2021,1005,5,0,13937,956,"6,8594"
Seattle,,12.23.2021,1045,4,0,8166,1011,"12,3806"
Seattle,,12.24.2021,731,5,0,1590,702,"44,1509"
Seattle,,12.25.2021,87,5,1,1359,73,"5,3716"
Seattle,,12.26.2021,195,7,1,4094,160,"3,9082"
Seattle,,12.27.2021,784,6,0,6798,714,"10,5031"
Seattle,,12.28.2021,1337,8,0,8792,1233,"14,0241"
Seattle,,12.29.2021,1672,14,1,7504,1548,"20,629"
Seattle,,12.30.2021,1148,6,0,5476,1081,"19,7407"
Seattle,,12.31.2021,879,3,1,1246,814,"65,3291"
Seattle,,01.01.2022,341,10,2,1640,300,"18,2927"
Seattle,,01.02.2022,537,11,1,3289,479,"14,5637"
Seattle,,01.03.2022,2275,10,3,13182,2163,"16,4087"
Seattle,,01.04.2022,2789,15,0,11982,2617,"21,8411"
Seattle,,01.05.2022,2639,12,3,11894,2484,"20,8845"
Seattle,,01.06.2022,2425,17,1,11498,2248,"19,5512"
Seattle,,01.07.2022,2085,13,2,9762,1926,"19,7296"
Seattle,,01.08.2022,1423,13,3,6336,1351,"21,3226"
Seattle,,01.09.2022,714,10,1,3064,653,"21,312"
Seattle,,01.10.2022,2317,17,2,11771,2199,"18,6815"
Seattle,,01.11.2022,1973,16,3,10968,1833,"16,7123"
Seattle,,01.12.2022,1822,17,0,10358,1738,"16,7793"
Seattle,,01.13.2022,1751,10,2,10573,1644,"15,549"
Seattle,,01.14.2022,1582,16,3,8377,1465,"17,4884"
Seattle,,01.15.2022,1025,15,5,5301,959,"18,0909"
Seattle,,01.16.2022,339,13,2,1807,296,"16,3807"
Seattle,,01.17.2022,1233,7,3,7278,1179,"16,1995"
Seattle,,01.18.2022,1736,8,0,9897,1641,"16,5808"
Seattle,,01.19.2022,1320,8,0,8516,1259,"14,7839"
Seattle,,01.20.2022,1416,14,0,9293,1335,"14,3657"
Seattle,,01.21.2022,1060,13,0,6421,1005,"15,6518"
Seattle,,01.22.2022,733,9,5,4373,702,"16,0531"
Seattle,,01.23.2022,281,7,6,2038,250,"12,2669"
Seattle,,01.24.2022,999,6,0,7867,965,"12,2664"
Seattle,,01.25.2022,877,9,1,7443,833,"11,1917"
Seattle,,01.26.2022,748,6,0,6645,707,"10,6396"
Seattle,,01.27.2022,677,7,4,6667,646,"9,6895"
Seattle,,01.28.2022,545,14,4,5053,511,"10,1128"
Seattle,,01.29.2022,378,7,3,3350,358,"10,6866"
Seattle,,01.30.2022,179,10,3,1678,167,"9,9523"
Seattle,,01.31.2022,690,7,3,6690,647,"9,6712"
Seattle,,02.01.2022,486,4,4,5858,450,"7,6818"
Seattle,,02.02.2022,415,6,1,5418,404,"7,4566"
Seattle,,02.03.2022,394,4,1,5193,371,"7,1442"
Seattle,,02.04.2022,325,7,1,4144,313,"7,5531"
Seattle,,02.05.2022,273,4,4,2635,252,"9,5636"
Seattle,,02.06.2022,107,6,1,1420,96,"6,7606"
Seattle,,02.07.2022,421,11,1,5498,394,"7,1662"
Seattle,,02.08.2022,309,2,1,4900,293,"5,9796"
Seattle,,02.09.2022,293,1,3,4767,276,"5,7898"
Seattle,,02.10.2022,231,4,2,4535,223,"4,9173"
Seattle,,02.11.2022,164,4,2,3308,155,"4,6856"
Seattle,,02.12.2022,158,2,0,2099,154,"7,3368"
Seattle,,02.13.2022,58,0,2,1236,52,"4,2071"
Seattle,,02.14.2022,231,6,0,4460,220,"4,9327"
Seattle,,02.15.2022,186,2,1,4729,182,"3,8486"
Seattle,,02.16.2022,180,0,0,5048,170,"3,3677"
Seattle,,02.17.2022,159,2,2,4528,148,"3,2686"
Seattle,,02.18.2022,127,3,2,3329,126,"3,7849"
Seattle,,02.19.2022,97,0,3,2164,94,"4,3438"
Seattle,,02.20.2022,54,1,0,1225,49,4
Seattle,,02.21.2022,117,1,1,2381,108,"4,5359"
Seattle,,02.22.2022,122,1,0,4026,117,"2,9061"
Seattle,,02.23.2022,140,3,2,3593,137,"3,813"
Seattle,,02.24.2022,111,0,1,3356,104,"3,0989"
Seattle,,02.25.2022,118,3,0,2744,115,"4,191"
Seattle,,02.26.2022,95,0,0,1936,94,"4,8554"
Seattle,,02.27.2022,46,2,3,1233,41,"3,3252"
Seattle,,02.28.2022,154,0,2,4245,149,"3,51"
Seattle,,03.01.2022,144,3,0,3623,139,"3,8366"
Seattle,,03.02.2022,119,0,0,3299,117,"3,5465"
Seattle,,03.03.2022,97,0,0,3310,95,"2,8701"
Seattle,,03.04.2022,85,0,1,2535,82,"3,2347"
Seattle,,03.05.2022,77,1,1,1570,72,"4,586"
Seattle,,03.06.2022,28,0,2,976,26,"2,6639"
Seattle,,03.07.2022,100,0,0,3370,97,"2,8783"
Seattle,,03.08.2022,83,0,1,3253,79,"2,4285"
Seattle,,03.09.2022,120,0,0,3041,117,"3,8474"
Seattle,,03.10.2022,77,1,0,2923,75,"2,5659"
Seattle,,03.11.2022,75,1,2,2230,72,"3,2287"
Seattle,,03.12.2022,52,1,0,1481,49,"3,3086"
Seattle,,03.13.2022,24,1,0,841,20,"2,3781"
Seattle,,03.14.2022,122,0,1,3118,119,"3,8165"
Seattle,,03.15.2022,87,1,0,3178,84,"2,6432"
Seattle,,03.16.2022,90,1,0,2997,85,"2,8362"
Seattle,,03.17.2022,102,4,0,3026,101,"3,3377"
Seattle,,03.18.2022,78,1,0,2235,75,"3,3557"
Seattle,,03.19.2022,56,0,0,1589,56,"3,5242"
Seattle,,03.20.2022,41,0,1,1037,40,"3,8573"
Seattle,,03.21.2022,150,0,1,3274,143,"4,3677"
Seattle,,03.22.2022,144,2,0,3064,139,"4,5366"
Seattle,,03.23.2022,150,1,0,2839,145,"5,1074"
Seattle,,03.24.2022,141,0,0,3073,135,"4,3931"
Seattle,,03.25.2022,147,0,0,2366,146,"6,1708"
Seattle,,03.26.2022,94,1,0,1593,94,"5,9008"
Seattle,,03.27.2022,74,4,0,1081,67,"6,198"
Seattle,,03.28.2022,235,3,0,3688,229,"6,2093"
Seattle,,03.29.2022,186,1,0,3193,182,"5,7"
Seattle,,03.30.2022,234,1,0,2966,221,"7,4511"
Seattle,,03.31.2022,214,1,1,3254,208,"6,3921"
Seattle,,04.01.2022,203,2,0,2382,197,"8,2704"
Seattle,,04.02.2022,161,3,0,1669,156,"9,3469"
Seattle,,04.03.2022,98,1,0,1056,91,"8,6174"
Seattle,,04.04.2022,319,4,0,3874,311,"8,0279"
Seattle,,04.05.2022,323,1,0,3601,307,"8,5254"
Seattle,,04.06.2022,363,3,1,3428,355,"10,3559"
Seattle,,04.07.2022,310,2,0,3545,296,"8,3498"
Seattle,,04.08.2022,295,3,0,2905,283,"9,7418"
Seattle,,04.09.2022,197,1,1,1832,193,"10,5349"
Seattle,,04.10.2022,126,0,0,1250,117,"9,36"
Seattle,,04.11.2022,369,0,0,3581,364,"10,1648"
Seattle,,04.12.2022,390,1,0,3444,382,"11,0918"
Seattle,,04.13.2022,387,0,0,3318,372,"11,2116"
Seattle,,04.14.2022,358,3,0,3605,347,"9,6255"
Seattle,,04.15.2022,296,3,0,2764,283,"10,2388"
Seattle,,04.16.2022,258,3,1,2055,247,"12,0195"
Seattle,,04.17.2022,151,1,0,1186,140,"11,8044"
Seattle,,04.18.2022,443,12,0,4548,426,"9,3668"
Seattle,,04.19.2022,415,1,0,3650,394,"10,7945"
Seattle,,04.20.2022,401,3,0,3456,379,"10,9664"
Seattle,,04.21.2022,338,2,1,3777,324,"8,5782"
Seattle,,04.22.2022,323,3,0,2834,309,"10,9033"
Seattle,,04.23.2022,234,1,0,1970,222,"11,269"
Seattle,,04.24.2022,172,2,0,1362,159,"11,674"
Seattle,,04.25.2022,530,4,1,4391,511,"11,6374"
Seattle,,04.26.2022,450,1,0,3845,431,"11,2094"
Seattle,,04.27.2022,498,4,0,3948,480,"12,1581"
Seattle,,04.28.2022,378,3,0,4069,369,"9,0686"
Seattle,,04.29.2022,363,3,1,3176,350,"11,0202"
Seattle,,04.30.2022,289,2,1,2141,280,"13,078"
Seattle,,05.01.2022,184,6,0,1388,176,"12,6801"
Seattle,,05.02.2022,593,3,1,4896,569,"11,6217"
Seattle,,05.03.2022,542,4,0,4717,521,"11,0452"
Seattle,,05.04.2022,545,2,0,4067,517,"12,7121"
Seattle,,05.05.2022,469,3,1,4370,448,"10,2517"
Seattle,,05.06.2022,393,3,1,3539,378,"10,681"
Seattle,,05.07.2022,339,1,0,2584,332,"12,8483"
Seattle,,05.08.2022,228,3,0,1633,213,"13,0435"
Seattle,,05.09.2022,659,3,0,5240,646,"12,3282"
Seattle,,05.10.2022,650,6,1,4963,629,"12,6738"
Seattle,,05.11.2022,565,6,0,4314,538,"12,471"
Seattle,,05.12.2022,477,7,0,4502,463,"10,2843"
Seattle,,05.13.2022,466,6,1,3838,445,"11,5946"
Seattle,,05.14.2022,352,4,1,2532,342,"13,5071"
Seattle,,05.15.2022,198,4,0,1673,189,"11,2971"
Seattle,,05.16.2022,655,1,0,5010,618,"12,3353"
Seattle,,05.17.2022,673,6,3,4799,644,"13,4195"
Seattle,,05.18.2022,548,7,0,4300,521,"12,1163"
Seattle,,05.19.2022,526,6,2,4520,506,"11,1947"
Seattle,,05.20.2022,514,4,0,4148,487,"11,7406"
Seattle,,05.21.2022,336,2,0,2303,326,"14,1554"
Seattle,,05.22.2022,220,3,1,1455,206,"14,1581"
Seattle,,05.23.2022,649,6,1,5011,625,"12,4726"
Seattle,,05.24.2022,604,6,0,4720,577,"12,2246"
Seattle,,05.25.2022,556,4,1,3948,540,"13,6778"
Seattle,,05.26.2022,571,3,0,4593,547,"11,9094"
Seattle,,05.27.2022,474,7,2,3396,461,"13,5748"
Seattle,,05.28.2022,329,6,2,2081,315,"15,137"
Seattle,,05.29.2022,190,3,0,1390,180,"12,9496"
Seattle,,05.30.2022,121,3,2,1110,103,"9,2793"
Seattle,,05.31.2022,792,6,0,5381,751,"13,9565"
Seattle,,06.01.2022,621,4,1,3864,595,"15,3986"
Seattle,,06.02.2022,550,6,0,4194,539,"12,8517"
Seattle,,06.03.2022,455,3,1,3361,432,"12,8533"
Seattle,,06.04.2022,318,1,1,2113,301,"14,2451"
Seattle,,06.05.2022,182,3,1,1319,177,"13,4193"
Seattle,,06.06.2022,535,2,0,4204,498,"11,8459"
Seattle,,06.07.2022,483,8,1,3597,457,"12,705"
Seattle,,06.08.2022,517,6,0,3380,488,"14,4379"
Seattle,,06.09.2022,439,9,1,3586,411,"11,4612"
Seattle,,06.10.2022,364,4,0,2814,341,"12,118"
Seattle,,06.11.2022,258,6,0,1803,241,"13,3666"
Seattle,,06.12.2022,169,3,1,1285,158,"12,2957"
Seattle,,06.13.2022,510,5,1,3813,487,"12,7721"
Seattle,,06.14.2022,453,3,1,3399,441,"12,9744"
Seattle,,06.15.2022,478,4,0,3296,460,"13,9563"
Seattle,,06.16.2022,357,1,1,3330,338,"10,1502"
Seattle,,06.17.2022,405,5,0,3110,394,"12,6688"
Seattle,,06.18.2022,339,4,1,1982,324,"16,3471"
Seattle,,06.19.2022,197,5,1,1308,186,"14,2202"
Seattle,,06.20.2022,536,4,1,3353,509,"15,1804"
Seattle,,06.21.2022,560,6,0,3482,526,"15,1063"
Seattle,,06.22.2022,498,6,1,3166,477,"15,0663"
Seattle,,06.23.2022,444,3,1,3313,422,"12,7377"
Seattle,,06.24.2022,421,5,0,2669,401,"15,0244"
Seattle,,06.25.2022,332,3,0,1784,318,"17,8251"
Seattle,,06.26.2022,178,3,2,1093,159,"14,5471"
Seattle,,06.27.2022,546,13,0,3309,533,"16,1076"
Seattle,,06.28.2022,507,2,0,2990,485,"16,2207"
Seattle,,06.29.2022,507,2,0,2921,485,"16,6039"
Seattle,,06.30.2022,468,5,0,3038,451,"14,8453"
Seattle,,07.01.2022,413,0,3,2560,405,"15,8203"
Seattle,,07.02.2022,309,3,0,1793,300,"16,7317"
Seattle,,07.03.2022,188,5,1,1244,178,"14,3087"
Seattle,,07.04.2022,131,5,0,1067,118,"11,059"
Seattle,,07.05.2022,612,6,2,3638,591,"16,2452"
Seattle,,07.06.2022,472,6,0,2762,453,"16,4012"
Seattle,,07.07.2022,408,3,0,2806,389,"13,8632"
Seattle,,07.08.2022,366,8,1,2422,357,"14,7399"
Seattle,,07.09.2022,283,3,0,1678,276,"16,4482"
Seattle,,07.10.2022,179,4,1,1149,162,"14,0992"
Seattle,,07.11.2022,455,6,1,3074,443,"14,4112"
Seattle,,07.12.2022,407,4,1,2645,390,"14,7448"
Seattle,,07.13.2022,415,4,0,2541,403,"15,8599"
Seattle,,07.14.2022,353,4,0,2581,343,"13,2894"
Seattle,,07.15.2022,323,6,1,2264,311,"13,7367"
Seattle,,07.16.2022,243,7,0,1548,231,"14,9225"
Seattle,,07.17.2022,181,6,1,1110,164,"14,7748"
Seattle,,07.18.2022,467,8,2,3153,451,"14,3038"
Seattle,,07.19.2022,365,4,0,2533,345,"13,6202"
Seattle,,07.20.2022,353,2,3,2359,342,"14,4977"
Seattle,,07.21.2022,305,3,1,2601,285,"10,9573"
Seattle,,07.22.2022,293,3,1,2136,271,"12,6873"
Seattle,,07.23.2022,214,5,0,1455,201,"13,8144"
Seattle,,07.24.2022,139,4,1,927,127,"13,7001"
Seattle,,07.25.2022,355,5,0,2661,340,"12,7772"
Seattle,,07.26.2022,313,4,1,2359,301,"12,7596"
Seattle,,07.27.2022,305,3,1,1951,289,"14,8129"
Seattle,,07.28.2022,284,5,2,2558,273,"10,6724"
Seattle,,07.29.2022,237,3,0,1810,221,"12,2099"
Seattle,,07.30.2022,182,6,0,1460,168,"11,5068"
Seattle,,07.31.2022,114,4,1,949,109,"11,4858"
Seattle,,08.01.2022,266,3,3,2427,252,"10,3832"
Seattle,,08.02.2022,250,8,2,2189,245,"11,1923"
Seattle,,08.03.2022,228,6,0,1880,224,"11,9149"
Seattle,,08.04.2022,227,6,2,2310,215,"9,3074"
Seattle,,08.05.2022,190,4,0,1629,175,"10,7428"
Seattle,,08.06.2022,139,4,0,1225,136,"11,102"
Seattle,,08.07.2022,114,4,1,823,107,"13,0012"
Seattle,,08.08.2022,248,6,1,2251,231,"10,2621"
Seattle,,08.09.2022,248,7,1,2009,237,"11,7969"
Seattle,,08.10.2022,233,4,2,1802,226,"12,5416"
Seattle,,08.11.2022,193,3,1,2135,186,"8,7119"
Seattle,,08.12.2022,163,3,1,1478,157,"10,6225"
Seattle,,08.13.2022,129,2,2,1099,123,"11,192"
Seattle,,08.14.2022,97,1,1,812,92,"11,33"
Seattle,,08.15.2022,214,6,1,2178,206,"9,4582"
Seattle,,08.16.2022,204,3,3,1941,199,"10,2524"
Seattle,,08.17.2022,187,3,1,1665,179,"10,7508"
Seattle,,08.18.2022,137,2,0,1947,134,"6,8824"
Seattle,,08.19.2022,143,4,1,1429,137,"9,5871"
Seattle,,08.20.2022,115,3,0,1148,111,"9,669"
Seattle,,08.21.2022,64,3,0,793,63,"7,9445"
Seattle,,08.22.2022,220,4,2,2135,215,"10,0703"
Seattle,,08.23.2022,162,2,0,1802,155,"8,6016"
Seattle,,08.24.2022,164,5,0,1542,163,"10,5707"
Seattle,,08.25.2022,121,0,1,1839,120,"6,5253"
Seattle,,08.26.2022,123,4,2,1322,119,"9,0015"
Seattle,,08.27.2022,107,2,4,1097,105,"9,5716"
Seattle,,08.28.2022,60,2,0,686,59,"8,6006"
Seattle,,08.29.2022,170,2,0,2023,168,"8,3045"
Seattle,,08.30.2022,129,2,0,1863,121,"6,4949"
Seattle,,08.31.2022,126,4,0,1515,122,"8,0528"
Seattle,,09.01.2022,128,1,0,1804,121,"6,7073"
Seattle,,09.02.2022,129,2,2,1179,124,"10,5174"
Seattle,,09.03.2022,79,1,0,885,72,"8,1356"
Seattle,,09.04.2022,59,1,0,758,54,"7,124"
Seattle,,09.05.2022,56,2,0,863,51,"5,9096"
Seattle,,09.06.2022,189,3,2,2338,184,"7,87"
Seattle,,09.07.2022,128,1,0,1013,126,"12,4383"
Seattle,,09.08.2022,121,6,0,1767,113,"6,395"
Seattle,,09.09.2022,129,3,1,1320,116,"8,7879"
Seattle,,09.10.2022,85,4,0,908,79,"8,7004"
Seattle,,09.11.2022,68,2,0,754,62,"8,2228"
Seattle,,09.12.2022,169,5,1,1984,165,"8,3165"
Seattle,,09.13.2022,124,6,1,1643,122,"7,4254"
Seattle,,09.14.2022,171,2,1,1499,164,"10,9406"
Seattle,,09.15.2022,102,3,0,1671,95,"5,6852"
Seattle,,09.16.2022,115,3,0,1212,110,"9,0759"
Seattle,,09.17.2022,82,0,0,958,81,"8,4551"
Seattle,,09.18.2022,61,4,0,831,60,"7,2202"
Seattle,,09.19.2022,174,2,1,2156,166,"7,6994"
Seattle,,09.20.2022,180,2,1,1956,175,"8,9468"
Seattle,,09.21.2022,145,1,1,1492,144,"9,6515"
Seattle,,09.22.2022,135,4,1,2013,129,"6,4083"
Seattle,,09.23.2022,136,1,1,1318,123,"9,3323"
Seattle,,09.24.2022,85,2,0,999,80,"8,008"
Seattle,,09.25.2022,81,2,1,857,80,"9,3349"
Seattle,,09.26.2022,166,5,0,2115,158,"7,4704"
Seattle,,09.27.2022,163,6,0,1716,158,"9,2075"
Seattle,,09.28.2022,144,2,0,1652,143,"8,6562"
Seattle,,09.29.2022,133,3,0,1764,129,"7,3129"
Seattle,,09.30.2022,134,4,2,1199,132,"11,0092"
Seattle,,10.01.2022,73,1,0,906,70,"7,7263"
Seattle,,10.02.2022,58,3,3,747,57,"7,6305"
Seattle,,10.03.2022,158,1,3,1988,149,"7,495"
Seattle,,10.04.2022,149,3,0,1761,145,"8,234"
Seattle,,10.05.2022,116,4,1,1405,113,"8,0427"
Seattle,,10.06.2022,93,0,1,1514,91,"6,0106"
Seattle,,10.07.2022,87,4,0,1075,83,"7,7209"
Seattle,,10.08.2022,78,4,0,911,76,"8,3425"
Seattle,,10.09.2022,44,0,1,730,44,"6,0274"
Seattle,,10.10.2022,128,2,0,1852,122,"6,5875"
Seattle,,10.11.2022,97,0,0,1466,94,"6,412"
Seattle,,10.12.2022,90,0,0,1292,89,"6,8885"
Seattle,,10.13.2022,84,1,0,1419,82,"5,7787"
Seattle,,10.14.2022,76,4,0,1050,73,"6,9524"
Seattle,,10.15.2022,57,2,0,749,55,"7,3431"
Seattle,,10.16.2022,43,3,0,739,42,"5,6834"
Seattle,,10.17.2022,114,4,0,1748,112,"6,4073"
Seattle,,10.18.2022,79,0,1,1386,76,"5,4834"
Seattle,,10.19.2022,82,4,0,1176,74,"6,2925"
Seattle,,10.20.2022,33,3,2,897,30,"3,3445"
Seattle,,10.21.2022,71,2,1,1056,67,"6,3447"
Seattle,,10.22.2022,60,3,0,779,58,"7,4454"
Seattle,,10.23.2022,37,1,1,720,36,5
Seattle,,10.24.2022,88,2,2,1814,84,"4,6307"
Seattle,,10.25.2022,100,2,1,1673,95,"5,6784"
Seattle,,10.26.2022,97,1,0,1275,91,"7,1373"
Seattle,,10.27.2022,66,1,0,1461,53,"3,6277"
Seattle,,10.28.2022,60,1,0,1017,57,"5,6047"
Seattle,,10.29.2022,59,0,0,726,53,"7,3003"
Seattle,,10.30.2022,25,2,0,717,25,"3,4868"
Seattle,,10.31.2022,80,0,0,1694,79,"4,6635"
Seattle,,11.01.2022,71,1,1,1398,68,"4,8641"
Seattle,,11.02.2022,79,1,2,1251,78,"6,235"
Seattle,,11.03.2022,73,1,1,1345,72,"5,3532"
Seattle,,11.04.2022,56,5,0,990,56,"5,6566"
Seattle,,11.05.2022,49,1,0,818,47,"5,7457"
Seattle,,11.06.2022,36,0,0,741,35,"4,7233"
Seattle,,11.07.2022,96,0,2,1823,94,"5,1563"
Seattle,,11.08.2022,90,3,0,1409,88,"6,2456"
Seattle,,11.09.2022,89,3,0,1150,83,"7,2174"
Seattle,,11.10.2022,64,3,0,1260,58,"4,6032"
Seattle,,11.11.2022,42,3,0,762,41,"5,3806"
Seattle,,11.12.2022,47,3,0,731,45,"6,156"
Seattle,,11.13.2022,45,1,1,796,45,"5,6533"
Seattle,,11.14.2022,101,5,1,1730,96,"5,5491"
Seattle,,11.15.2022,86,1,1,1227,81,"6,6015"
Seattle,,11.16.2022,115,2,2,1278,104,"8,1377"
Seattle,,11.17.2022,81,3,0,1203,77,"6,4007"
Seattle,,11.18.2022,105,3,1,1056,96,"9,0909"
Seattle,,11.19.2022,76,3,0,721,71,"9,8474"
Seattle,,11.20.2022,49,4,0,838,46,"5,4893"
Seattle,,11.21.2022,130,1,1,1679,127,"7,564"
Seattle,,11.22.2022,122,4,0,1703,117,"6,8702"
Seattle,,11.23.2022,143,4,0,1588,139,"8,7531"
Seattle,,11.24.2022,14,5,0,398,11,"2,7638"
Seattle,,11.25.2022,83,2,0,778,77,"9,8972"
Seattle,,11.26.2022,78,6,0,848,78,"9,1981"
Seattle,,11.27.2022,57,0,1,859,52,"6,0536"
Seattle,,11.28.2022,141,2,0,1964,130,"6,6191"
Seattle,,11.29.2022,92,3,0,1252,88,"7,0288"
Seattle,,11.30.2022,108,5,1,1261,104,"8,2474"
Seattle,,12.01.2022,99,5,0,1288,92,"7,1429"
Seattle,,12.02.2022,84,3,0,1005,82,"8,1592"
Seattle,,12.03.2022,67,5,1,799,66,"8,2603"
Seattle,,12.04.2022,57,1,0,771,53,"6,8742"
Seattle,,12.05.2022,115,5,1,1725,110,"6,3768"
Seattle,,12.06.2022,127,5,1,1357,117,"8,622"
Seattle,,12.07.2022,117,7,0,1247,115,"9,2221"
Seattle,,12.08.2022,110,2,0,1369,101,"7,3776"
Seattle,,12.09.2022,94,2,0,982,91,"9,2668"
Seattle,,12.10.2022,66,1,0,762,63,"8,2677"
Seattle,,12.11.2022,46,5,1,784,45,"5,7398"
Seattle,,12.12.2022,139,3,0,1717,134,"7,8043"
Seattle,,12.13.2022,98,2,1,1224,96,"7,8431"
Seattle,,12.14.2022,102,0,0,1146,95,"8,2897"
Seattle,,12.15.2022,94,4,0,1173,90,"7,6726"
Seattle,,12.16.2022,85,4,1,911,79,"8,6718"
Seattle,,12.17.2022,65,4,2,773,60,"7,762"
Seattle,,12.18.2022,46,5,0,728,43,"5,9066"
Seattle,,12.19.2022,93,4,0,1420,90,"6,338"
Seattle,,12.20.2022,74,3,0,815,65,"7,9755"
Seattle,,12.21.2022,93,3,0,964,78,"8,0913"
Seattle,,12.22.2022,91,3,1,1177,86,"7,3067"
Seattle,,12.23.2022,30,3,0,317,29,"9,1483"
Seattle,,12.24.2022,60,2,0,697,59,"8,4648"
Seattle,,12.25.2022,14,4,1,402,14,"3,4826"
Seattle,,12.26.2022,100,4,1,876,89,"10,1598"
Seattle,,12.27.2022,86,4,0,939,82,"8,7327"
Seattle,,12.28.2022,88,2,0,881,80,"9,0806"
Seattle,,12.29.2022,76,5,0,1070,69,"6,4486"
Seattle,,12.30.2022,71,3,0,762,62,"8,1365"
Seattle,,12.31.2022,69,3,2,563,69,"12,2558"
Seattle,,01.01.2023,25,6,0,472,19,"4,0254"
Seattle,,01.02.2023,98,2,0,1093,93,"8,5087"
Seattle,,01.03.2023,114,1,0,1073,106,"9,8788"
Seattle,,01.04.2023,100,4,0,1010,93,"9,2079"
Seattle,,01.05.2023,91,4,0,1162,86,"7,401"
Seattle,,01.06.2023,91,7,0,849,82,"9,6584"
Seattle,,01.07.2023,77,3,0,742,70,"9,434"
Seattle,,01.08.2023,41,2,0,621,34,"5,475"
Seattle,,01.09.2023,108,6,1,1337,102,"7,629"
Seattle,,01.10.2023,82,0,0,1134,77,"6,7901"
Seattle,,01.11.2023,97,4,1,1010,85,"8,4158"
Seattle,,01.12.2023,67,3,0,1068,58,"5,4307"
Seattle,,01.13.2023,76,2,2,854,68,"7,9625"
Seattle,,01.14.2023,48,4,2,587,45,"7,6661"
Seattle,,01.15.2023,36,4,0,565,35,"6,1947"
Seattle,,01.16.2023,58,1,0,982,56,"5,7026"
Seattle,,01.17.2023,93,5,0,1271,89,"7,0024"
Seattle,,01.18.2023,72,4,1,1009,64,"6,3429"
Seattle,,01.19.2023,82,4,0,1224,75,"6,1275"
Seattle,,01.20.2023,80,4,0,774,72,"9,3023"
Seattle,,01.21.2023,44,3,1,664,43,"6,4759"
Seattle,,01.22.2023,37,2,0,501,35,"6,986"
Seattle,,01.23.2023,103,3,0,1356,98,"7,2271"
Seattle,,01.24.2023,77,2,0,1101,71,"6,4487"
Seattle,,01.25.2023,65,3,0,982,56,"5,7026"
Seattle,,01.26.2023,85,4,1,1084,69,"6,3653"
Seattle,,01.27.2023,68,1,3,800,57,"7,125"
Seattle,,01.28.2023,62,4,0,722,57,"7,8947"
Seattle,,01.29.2023,48,3,0,555,39,"7,027"
Seattle,,01.30.2023,98,5,0,1342,88,"6,5574"
Seattle,,01.31.2023,89,9,0,1067,77,"7,2165"
Seattle,,02.01.2023,85,4,1,994,80,"8,0483"
Seattle,,02.02.2023,62,3,0,1038,54,"5,2023"
Seattle,,02.03.2023,61,2,0,807,56,"6,9393"
Seattle,,02.04.2023,69,1,1,690,67,"9,7101"
Seattle,,02.05.2023,57,4,0,615,54,"8,7805"
Seattle,,02.06.2023,90,7,0,1343,86,"6,4036"
Seattle,,02.07.2023,85,4,0,998,74,"7,4148"
Seattle,,02.08.2023,94,2,1,1025,88,"8,5854"
Seattle,,02.09.2023,58,5,0,999,57,"5,7057"
Seattle,,02.10.2023,68,2,0,759,63,"8,3004"
Seattle,,02.11.2023,45,5,0,675,44,"6,5185"
Seattle,,02.12.2023,30,4,0,569,30,"5,2724"
Seattle,,02.13.2023,87,6,0,1373,81,"5,8995"
Seattle,,02.14.2023,76,3,0,910,74,"8,1319"
Seattle,,02.15.2023,70,3,0,961,66,"6,8678"
Seattle,,02.16.2023,82,5,1,1029,75,"7,2886"
Seattle,,02.17.2023,72,2,1,776,66,"8,5052"
Seattle,,02.18.2023,41,3,0,567,39,"6,8783"
Seattle,,02.19.2023,28,0,0,516,27,"5,2326"
Seattle,,02.20.2023,62,3,0,953,61,"6,4008"
Seattle,,02.21.2023,74,0,0,927,70,"7,5512"
Seattle,,02.22.2023,57,0,0,856,52,"6,0748"
Seattle,,02.23.2023,62,3,0,906,59,"6,5121"
Seattle,,02.24.2023,70,1,0,739,69,"9,3369"
Seattle,,02.25.2023,43,3,1,657,43,"6,5449"
Seattle,,02.26.2023,31,2,0,566,31,"5,477"
Seattle,,02.27.2023,90,5,0,1392,89,"6,3937"
Seattle,,02.28.2023,68,7,0,1024,66,"6,4453"
Seattle,,03.01.2023,73,3,0,841,66,"7,8478"
Seattle,,03.02.2023,58,3,0,993,53,"5,3374"
Seattle,,03.03.2023,62,4,0,650,56,"8,6154"
Seattle,,03.04.2023,49,3,0,585,46,"7,8632"
Seattle,,03.05.2023,35,2,0,573,34,"5,9337"
Seattle,,03.06.2023,69,2,0,1140,65,"5,7018"
Seattle,,03.07.2023,64,1,0,960,56,"5,8333"
Seattle,,03.08.2023,67,2,0,846,66,"7,8014"
Seattle,,03.09.2023,59,3,0,935,56,"5,9893"
Seattle,,03.10.2023,51,2,0,674,49,"7,27"
Seattle,,03.11.2023,53,3,0,617,51,"8,2658"
Seattle,,03.12.2023,41,5,0,552,41,"7,4275"
Seattle,,03.13.2023,74,2,0,1179,67,"5,6828"
Seattle,,03.14.2023,68,3,0,945,65,"6,8783"
Seattle,,03.15.2023,58,2,0,999,57,"5,7057"
Seattle,,03.16.2023,53,1,0,917,49,"5,3435"
Seattle,,03.17.2023,51,4,2,671,49,"7,3025"
Seattle,,03.18.2023,46,1,0,588,45,"7,6531"
Seattle,,03.19.2023,31,1,0,580,28,"4,8276"
Seattle,,03.20.2023,49,2,0,1117,46,"4,1182"
Seattle,,03.21.2023,71,6,0,948,69,"7,2785"
Seattle,,03.22.2023,64,3,0,872,60,"6,8807"
Seattle,,03.23.2023,49,3,0,1022,45,"4,4031"
Seattle,,03.24.2023,35,3,0,620,33,"5,3226"
Seattle,,03.25.2023,34,1,1,533,34,"6,379"
Seattle,,03.26.2023,36,1,1,548,35,"6,3869"
Seattle,,03.27.2023,57,3,0,1002,51,"5,0898"
Seattle,,03.28.2023,55,6,1,835,50,"5,988"
Seattle,,03.29.2023,60,5,0,868,55,"6,3364"
Seattle,,03.30.2023,45,2,0,855,43,"5,0292"
Seattle,,03.31.2023,55,5,0,635,51,"8,0315"
Seattle,,04.01.2023,35,3,1,547,34,"6,2157"
Seattle,,04.02.2023,32,4,0,556,26,"4,6763"
Seattle,,04.03.2023,50,4,0,1027,48,"4,6738"
Seattle,,04.04.2023,50,3,0,854,43,"5,0351"
Seattle,,04.05.2023,48,3,1,845,46,"5,4438"
Seattle,,04.06.2023,46,0,1,849,40,"4,7114"
Seattle,,04.07.2023,43,0,1,549,34,"6,1931"
Seattle,,04.08.2023,34,3,0,555,31,"5,5856"
Seattle,,04.09.2023,29,2,0,494,22,"4,4534"
Seattle,,04.10.2023,31,3,0,821,26,"3,1669"
Seattle,,04.11.2023,45,2,0,678,38,"5,6047"
Seattle,,04.12.2023,49,1,0,752,45,"5,984"
Seattle,,04.13.2023,29,4,0,758,25,"3,2982"
Seattle,,04.14.2023,34,2,0,534,25,"4,6816"
Seattle,,04.15.2023,44,2,0,523,41,"7,8394"
Seattle,,04.16.2023,25,2,0,577,21,"3,6395"
Seattle,,04.17.2023,40,3,0,867,36,"4,1522"
Seattle,,04.18.2023,43,3,0,699,37,"5,2933"
Seattle,,04.19.2023,33,4,0,730,25,"3,4247"
Seattle,,04.20.2023,28,3,0,776,25,"3,2216"
Seattle,,04.21.2023,39,2,0,522,32,"6,1303"
Seattle,,04.22.2023,23,4,0,478,22,"4,6025"
Seattle,,04.23.2023,23,4,0,513,21,"4,0936"
Seattle,,04.24.2023,49,1,1,907,43,"4,7409"
Seattle,,04.25.2023,26,4,0,708,22,"3,1073"
Seattle,,04.26.2023,37,3,1,700,35,5
Seattle,,04.27.2023,25,3,1,655,21,"3,2061"
Seattle,,04.28.2023,32,2,0,126,24,"19,0476"
Seattle,,04.29.2023,21,2,3,25,18,72
Seattle,,04.30.2023,18,1,0,22,14,"63,6364"
Seattle,,05.01.2023,46,2,1,4,4,100
Seattle,,05.02.2023,35,3,0,,,
Seattle,,05.03.2023,24,1,0,,,
Seattle,,05.04.2023,26,2,1,,,
Seattle,,05.05.2023,24,3,0,,,
Seattle,,05.06.2023,13,4,0,,,
Seattle,,05.07.2023,20,4,0,,,
Seattle,,05.08.2023,22,1,0,,,
Seattle,,05.09.2023,27,2,0,,,
Seattle,,05.10.2023,22,3,0,,,
Seattle,,05.11.2023,26,2,0,,,
Seattle,,05.12.2023,24,3,0,,,
Seattle,,05.13.2023,4,0,0,,,
Seattle,,05.14.2023,11,3,0,,,
Seattle,,05.15.2023,10,1,0,,,
Seattle,,05.16.2023,20,2,0,,,
Seattle,,05.17.2023,19,3,0,,,
Seattle,,05.18.2023,13,1,0,,,
Seattle,,05.19.2023,16,1,0,,,
Seattle,,05.20.2023,11,0,1,,,
Seattle,,05.21.2023,5,2,0,,,
Seattle,,05.22.2023,22,1,0,,,
Seattle,,05.23.2023,12,3,0,,,
Seattle,,05.24.2023,15,2,0,,,
Seattle,,05.25.2023,16,0,0,,,
Seattle,,05.26.2023,22,4,0,,,
Seattle,,05.27.2023,13,1,0,,,
Seattle,,05.28.2023,10,1,0,,,
Seattle,,05.29.2023,15,3,0,,,
Seattle,,05.30.2023,24,1,1,,,
Seattle,,05.31.2023,21,2,0,,,
Seattle,,06.01.2023,26,1,0,,,
Seattle,,06.02.2023,18,5,0,,,
Seattle,,06.03.2023,8,3,1,,,
Seattle,,06.04.2023,15,3,0,,,
Seattle,,06.05.2023,13,1,0,,,
Seattle,,06.06.2023,18,0,0,,,
Seattle,,06.07.2023,17,0,0,,,
Seattle,,06.08.2023,12,2,0,,,
Seattle,,06.09.2023,31,1,0,,,
Seattle,,06.10.2023,13,1,0,,,
Seattle,,06.11.2023,20,1,0,,,
Seattle,,06.12.2023,20,0,1,,,
Seattle,,06.13.2023,17,0,0,,,
Seattle,,06.14.2023,24,1,0,,,
Seattle,,06.15.2023,25,4,1,,,
Seattle,,06.16.2023,18,0,0,,,
Seattle,,06.17.2023,8,1,0,,,
Seattle,,06.18.2023,10,3,0,,,
Seattle,,06.19.2023,18,1,0,,,
Seattle,,06.20.2023,17,2,1,,,
Seattle,,06.21.2023,26,2,0,,,
Seattle,,06.22.2023,19,4,0,,,
Seattle,,06.23.2023,14,2,0,,,
Seattle,,06.24.2023,11,0,0,,,
Seattle,,06.25.2023,13,1,0,,,
Seattle,,06.26.2023,24,2,0,,,
Seattle,,06.27.2023,22,3,0,,,
Seattle,,06.28.2023,15,2,0,,,
Seattle,,06.29.2023,18,0,0,,,
Seattle,,06.30.2023,24,3,1,,,
Seattle,,07.01.2023,10,1,0,,,
Seattle,,07.02.2023,11,2,0,,,
Seattle,,07.03.2023,22,1,0,,,
Seattle,,07.04.2023,9,0,0,,,
Seattle,,07.05.2023,18,0,0,,,
Seattle,,07.06.2023,24,2,1,,,
Seattle,,07.07.2023,17,1,0,,,
Seattle,,07.08.2023,22,1,0,,,
Seattle,,07.09.2023,20,1,0,,,
Seattle,,07.10.2023,22,0,0,,,
Seattle,,07.11.2023,23,0,0,,,
Seattle,,07.12.2023,16,4,0,,,
Seattle,,07.13.2023,12,3,0,,,
Seattle,,07.14.2023,15,1,1,,,
Seattle,,07.15.2023,12,1,1,,,
Seattle,,07.16.2023,14,1,0,,,
Seattle,,07.17.2023,22,4,0,,,
Seattle,,07.18.2023,15,0,0,,,
Seattle,,07.19.2023,25,1,0,,,
Seattle,,07.20.2023,27,1,0,,,
Seattle,,07.21.2023,15,1,0,,,
Seattle,,07.22.2023,11,1,0,,,
Seattle,,07.23.2023,11,1,0,,,
Seattle,,07.24.2023,20,0,0,,,
Seattle,,07.25.2023,24,1,0,,,
Seattle,,07.26.2023,18,3,1,,,
Seattle,,07.27.2023,21,2,0,,,
Seattle,,07.28.2023,24,1,0,,,
Seattle,,07.29.2023,14,2,0,,,
Seattle,,07.30.2023,21,2,1,,,
Seattle,,07.31.2023,24,3,0,,,
Seattle,,08.01.2023,35,1,0,,,
Seattle,,08.02.2023,32,0,0,,,
Seattle,,08.03.2023,28,2,0,,,
Seattle,,08.04.2023,19,0,0,,,
Seattle,,08.05.2023,16,2,0,,,
Seattle,,08.06.2023,10,1,0,,,
Seattle,,08.07.2023,24,0,1,,,
Seattle,,08.08.2023,24,0,0,,,
Seattle,,08.09.2023,30,1,0,,,
Seattle,,08.10.2023,24,2,0,,,
Seattle,,08.11.2023,27,5,0,,,
Seattle,,08.12.2023,17,0,0,,,
Seattle,,08.13.2023,18,0,1,,,
Seattle,,08.14.2023,34,1,0,,,
Seattle,,08.15.2023,38,2,0,,,
Seattle,,08.16.2023,44,2,1,,,
Seattle,,08.17.2023,41,5,0,,,
Seattle,,08.18.2023,35,2,0,,,
Seattle,,08.19.2023,19,1,2,,,
Seattle,,08.20.2023,21,1,0,,,
Seattle,,08.21.2023,37,2,0,,,
Seattle,,08.22.2023,34,5,0,,,
Seattle,,08.23.2023,32,4,0,,,
Seattle,,08.24.2023,22,2,0,,,
Seattle,,08.25.2023,35,2,0,,,
Seattle,,08.26.2023,18,1,0,,,
Seattle,,08.27.2023,18,2,1,,,
Seattle,,08.28.2023,54,2,0,,,
Seattle,,08.29.2023,40,1,0,,,
Seattle,,08.30.2023,30,4,0,,,
Seattle,,08.31.2023,46,5,0,,,
Seattle,,09.01.2023,38,3,0,,,
Seattle,,09.02.2023,23,3,0,,,
Seattle,,09.03.2023,22,2,0,,,
Seattle,,09.04.2023,24,1,1,,,
Seattle,,09.05.2023,40,3,0,,,
Seattle,,09.06.2023,49,2,0,,,
Seattle,,09.07.2023,42,2,0,,,
Seattle,,09.08.2023,32,2,0,,,
Seattle,,09.09.2023,26,3,0,,,
Seattle,,09.10.2023,26,2,0,,,
Seattle,,09.11.2023,45,2,0,,,
Seattle,,09.12.2023,41,1,0,,,
Seattle,,09.13.2023,51,4,0,,,
Seattle,,09.14.2023,38,3,0,,,
Seattle,,09.15.2023,39,1,1,,,
Seattle,,09.16.2023,36,5,0,,,
Seattle,,09.17.2023,31,6,0,,,
Seattle,,09.18.2023,48,4,0,,,
Seattle,,09.19.2023,43,5,1,,,
Seattle,,09.20.2023,52,2,0,,,
Seattle,,09.21.2023,36,2,0,,,
Seattle,,09.22.2023,40,1,1,,,
Seattle,,09.23.2023,28,4,0,,,
Seattle,,09.24.2023,25,0,0,,,
Seattle,,09.25.2023,46,2,0,,,
Seattle,,09.26.2023,34,2,1,,,
Seattle,,09.27.2023,28,3,0,,,
Seattle,,09.28.2023,34,2,0,,,
Seattle,,09.29.2023,33,4,0,,,
Seattle,,09.30.2023,26,3,0,,,
Seattle,,10.01.2023,18,1,1,,,
Seattle,,10.02.2023,42,4,0,,,
Seattle,,10.03.2023,44,3,0,,,
Seattle,,10.04.2023,32,1,0,,,
Seattle,,10.05.2023,39,1,0,,,
Seattle,,10.06.2023,35,6,0,,,
Seattle,,10.07.2023,20,1,0,,,
Seattle,,10.08.2023,22,3,0,,,
Seattle,,10.09.2023,36,1,0,,,
Seattle,,10.10.2023,28,4,0,,,
Seattle,,10.11.2023,22,2,0,,,
Seattle,,10.12.2023,35,3,0,,,
Seattle,,10.13.2023,27,2,0,,,
Seattle,,10.14.2023,21,3,0,,,
Seattle,,10.15.2023,16,1,0,,,
Seattle,,10.16.2023,44,3,1,,,
Seattle,,10.17.2023,29,1,0,,,
Seattle,,10.18.2023,28,3,0,,,
Seattle,,10.19.2023,29,3,0,,,
Seattle,,10.20.2023,21,2,1,,,
Seattle,,10.21.2023,14,3,0,,,
Seattle,,10.22.2023,16,3,0,,,
Seattle,,10.23.2023,34,1,0,,,
Seattle,,10.24.2023,30,4,0,,,
Seattle,,10.25.2023,19,3,0,,,
Seattle,,10.26.2023,20,1,0,,,
Seattle,,10.27.2023,21,4,0,,,
Seattle,,10.28.2023,17,0,2,,,
Seattle,,10.29.2023,20,2,1,,,
Seattle,,10.30.2023,21,1,0,,,
Seattle,,10.31.2023,24,3,0,,,
Seattle,,11.01.2023,24,4,0,,,
Seattle,,11.02.2023,27,4,1,,,
Seattle,,11.03.2023,16,4,0,,,
Seattle,,11.04.2023,14,5,0,,,
Seattle,,11.05.2023,12,1,0,,,
Seattle,,11.06.2023,19,3,0,,,
Seattle,,11.07.2023,23,4,0,,,
Seattle,,11.08.2023,22,1,0,,,
Seattle,,11.09.2023,20,1,1,,,
Seattle,,11.10.2023,15,2,0,,,
Seattle,,11.11.2023,15,3,0,,,
Seattle,,11.12.2023,7,1,0,,,
Seattle,,11.13.2023,18,2,0,,,
Seattle,,11.14.2023,11,2,0,,,
Seattle,,11.15.2023,19,5,1,,,
Seattle,,11.16.2023,23,3,0,,,
Seattle,,11.17.2023,19,1,2,,,
Seattle,,11.18.2023,11,2,0,,,
Seattle,,11.19.2023,13,2,1,,,
Seattle,,11.20.2023,21,1,1,,,
Seattle,,11.21.2023,21,4,0,,,
Seattle,,11.22.2023,20,2,0,,,
Seattle,,11.23.2023,21,3,0,,,
Seattle,,11.24.2023,18,1,1,,,
Seattle,,11.25.2023,15,3,0,,,
Seattle,,11.26.2023,19,1,0,,,
Seattle,,11.27.2023,39,1,0,,,
Seattle,,11.28.2023,24,7,0,,,
Seattle,,11.29.2023,22,2,2,,,
Seattle,,11.30.2023,32,9,0,,,
Seattle,,12.01.2023,19,4,0,,,
Seattle,,12.02.2023,14,2,0,,,
Seattle,,12.03.2023,16,2,1,,,
Seattle,,12.04.2023,30,2,0,,,
Seattle,,12.05.2023,31,3,0,,,
Seattle,,12.06.2023,32,2,0,,,
Seattle,,12.07.2023,24,2,1,,,
Seattle,,12.08.2023,18,3,0,,,
Seattle,,12.09.2023,21,3,0,,,
Seattle,,12.10.2023,15,4,0,,,
Seattle,,12.11.2023,21,2,0,,,
Seattle,,12.12.2023,17,2,0,,,
Seattle,,12.13.2023,21,2,0,,,
Seattle,,12.14.2023,17,2,0,,,
Seattle,,12.15.2023,10,2,1,,,
Seattle,,12.16.2023,11,0,0,,,
Seattle,,12.17.2023,19,2,0,,,
Seattle,,12.18.2023,25,3,0,,,
Seattle,,12.19.2023,18,3,0,,,
Seattle,,12.20.2023,23,2,0,,,
Seattle,,12.21.2023,23,1,0,,,
Seattle,,12.22.2023,19,7,0,,,
Seattle,,12.23.2023,25,5,0,,,
Seattle,,12.24.2023,18,2,1,,,
Seattle,,12.25.2023,9,4,0,,,
Seattle,,12.26.2023,23,0,0,,,
Seattle,,12.27.2023,33,4,0,,,
Seattle,,12.28.2023,47,11,1,,,
Seattle,,12.29.2023,33,1,0,,,
Seattle,,12.30.2023,26,5,0,,,
Seattle,,12.31.2023,25,1,0,,,
Seattle,,01.01.2024,23,4,0,,,
Seattle,,01.02.2024,37,6,0,,,
Seattle,,01.03.2024,39,4,0,,,
Seattle,,01.04.2024,29,3,0,,,
Seattle,,01.05.2024,33,3,0,,,
Seattle,,01.06.2024,22,2,0,,,
Seattle,,01.07.2024,20,4,0,,,
Seattle,,01.08.2024,24,2,0,,,
Seattle,,01.09.2024,33,2,0,,,
Seattle,,01.10.2024,21,5,0,,,
Seattle,,01.11.2024,26,3,0,,,
Seattle,,01.12.2024,18,4,0,,,
Seattle,,01.13.2024,20,4,0,,,
Seattle,,01.14.2024,10,1,0,,,
Seattle,,01.15.2024,27,2,0,,,
Seattle,,01.16.2024,8,0,0,,,
